date,blood_group,units_requested,day_of_week,month,is_weekend
2024-01-01,A+,27,0,1,0
2024-01-02,A+,29,1,1,0
2024-01-03,A+,29,2,1,0
2024-01-04,A+,28,3,1,0
2024-01-05,A+,31,4,1,0
2024-01-06,A+,27,5,1,1
2024-01-07,A+,26,6,1,1
2024-01-08,A+,27,0,1,0
2024-01-09,A+,27,1,1,0
2024-01-10,A+,26,2,1,0
2024-01-11,A+,31,3,1,0
2024-01-12,A+,22,4,1,0
2024-01-13,A+,18,5,1,1
2024-01-14,A+,20,6,1,1
2024-01-15,A+,36,0,1,0
2024-01-16,A+,30,1,1,0
2024-01-17,A+,35,2,1,0
2024-01-18,A+,31,3,1,0
2024-01-19,A+,28,4,1,0
2024-01-20,A+,20,5,1,1
2024-01-21,A+,17,6,1,1
2024-01-22,A+,42,0,1,0
2024-01-23,A+,36,1,1,0
2024-01-24,A+,33,2,1,0
2024-01-25,A+,24,3,1,0
2024-01-26,A+,28,4,1,0
2024-01-27,A+,18,5,1,1
2024-01-28,A+,23,6,1,1
2024-01-29,A+,26,0,1,0
2024-01-30,A+,27,1,1,0
2024-01-31,A+,26,2,1,0
2024-02-01,A+,26,3,2,0
2024-02-02,A+,28,4,2,0
2024-02-03,A+,19,5,2,1
2024-02-04,A+,28,6,2,1
2024-02-05,A+,32,0,2,0
2024-02-06,A+,24,1,2,0
2024-02-07,A+,29,2,2,0
2024-02-08,A+,24,3,2,0
2024-02-09,A+,26,4,2,0
2024-02-10,A+,23,5,2,1
2024-02-11,A+,24,6,2,1
2024-02-12,A+,25,0,2,0
2024-02-13,A+,22,1,2,0
2024-02-14,A+,28,2,2,0
2024-02-15,A+,30,3,2,0
2024-02-16,A+,24,4,2,0
2024-02-17,A+,25,5,2,1
2024-02-18,A+,24,6,2,1
2024-02-19,A+,24,0,2,0
2024-02-20,A+,33,1,2,0
2024-02-21,A+,33,2,2,0
2024-02-22,A+,38,3,2,0
2024-02-23,A+,36,4,2,0
2024-02-24,A+,16,5,2,1
2024-02-25,A+,25,6,2,1
2024-02-26,A+,32,0,2,0
2024-02-27,A+,26,1,2,0
2024-02-28,A+,30,2,2,0
2024-02-29,A+,18,3,2,0
2024-03-01,A+,23,4,3,0
2024-03-02,A+,16,5,3,1
2024-03-03,A+,27,6,3,1
2024-03-04,A+,35,0,3,0
2024-03-05,A+,32,1,3,0
2024-03-06,A+,42,2,3,0
2024-03-07,A+,38,3,3,0
2024-03-08,A+,25,4,3,0
2024-03-09,A+,24,5,3,1
2024-03-10,A+,20,6,3,1
2024-03-11,A+,35,0,3,0
2024-03-12,A+,33,1,3,0
2024-03-13,A+,29,2,3,0
2024-03-14,A+,42,3,3,0
2024-03-15,A+,33,4,3,0
2024-03-16,A+,23,5,3,1
2024-03-17,A+,23,6,3,1
2024-03-18,A+,41,0,3,0
2024-03-19,A+,38,1,3,0
2024-03-20,A+,32,2,3,0
2024-03-21,A+,28,3,3,0
2024-03-22,A+,29,4,3,0
2024-03-23,A+,22,5,3,1
2024-03-24,A+,27,6,3,1
2024-03-25,A+,37,0,3,0
2024-03-26,A+,29,1,3,0
2024-03-27,A+,37,2,3,0
2024-03-28,A+,29,3,3,0
2024-03-29,A+,30,4,3,0
2024-03-30,A+,17,5,3,1
2024-03-31,A+,17,6,3,1
2024-04-01,A+,28,0,4,0
2024-04-02,A+,33,1,4,0
2024-04-03,A+,28,2,4,0
2024-04-04,A+,41,3,4,0
2024-04-05,A+,28,4,4,0
2024-04-06,A+,26,5,4,1
2024-04-07,A+,31,6,4,1
2024-04-08,A+,34,0,4,0
2024-04-09,A+,31,1,4,0
2024-04-10,A+,34,2,4,0
2024-04-11,A+,30,3,4,0
2024-04-12,A+,28,4,4,0
2024-04-13,A+,28,5,4,1
2024-04-14,A+,22,6,4,1
2024-04-15,A+,38,0,4,0
2024-04-16,A+,37,1,4,0
2024-04-17,A+,34,2,4,0
2024-04-18,A+,38,3,4,0
2024-04-19,A+,30,4,4,0
2024-04-20,A+,29,5,4,1
2024-04-21,A+,29,6,4,1
2024-04-22,A+,32,0,4,0
2024-04-23,A+,31,1,4,0
2024-04-24,A+,35,2,4,0
2024-04-25,A+,43,3,4,0
2024-04-26,A+,32,4,4,0
2024-04-27,A+,22,5,4,1
2024-04-28,A+,31,6,4,1
2024-04-29,A+,33,0,4,0
2024-04-30,A+,37,1,4,0
2024-05-01,A+,35,2,5,0
2024-05-02,A+,18,3,5,0
2024-05-03,A+,27,4,5,0
2024-05-04,A+,19,5,5,1
2024-05-05,A+,16,6,5,1
2024-05-06,A+,18,0,5,0
2024-05-07,A+,19,1,5,0
2024-05-08,A+,28,2,5,0
2024-05-09,A+,25,3,5,0
2024-05-10,A+,23,4,5,0
2024-05-11,A+,21,5,5,1
2024-05-12,A+,17,6,5,1
2024-05-13,A+,34,0,5,0
2024-05-14,A+,24,1,5,0
2024-05-15,A+,35,2,5,0
2024-05-16,A+,27,3,5,0
2024-05-17,A+,24,4,5,0
2024-05-18,A+,17,5,5,1
2024-05-19,A+,28,6,5,1
2024-05-20,A+,31,0,5,0
2024-05-21,A+,24,1,5,0
2024-05-22,A+,28,2,5,0
2024-05-23,A+,16,3,5,0
2024-05-24,A+,21,4,5,0
2024-05-25,A+,17,5,5,1
2024-05-26,A+,17,6,5,1
2024-05-27,A+,34,0,5,0
2024-05-28,A+,18,1,5,0
2024-05-29,A+,20,2,5,0
2024-05-30,A+,30,3,5,0
2024-05-31,A+,29,4,5,0
2024-06-01,A+,19,5,6,1
2024-06-02,A+,31,6,6,1
2024-06-03,A+,31,0,6,0
2024-06-04,A+,34,1,6,0
2024-06-05,A+,27,2,6,0
2024-06-06,A+,25,3,6,0
2024-06-07,A+,25,4,6,0
2024-06-08,A+,25,5,6,1
2024-06-09,A+,24,6,6,1
2024-06-10,A+,26,0,6,0
2024-06-11,A+,30,1,6,0
2024-06-12,A+,32,2,6,0
2024-06-13,A+,25,3,6,0
2024-06-14,A+,26,4,6,0
2024-06-15,A+,23,5,6,1
2024-06-16,A+,11,6,6,1
2024-06-17,A+,30,0,6,0
2024-06-18,A+,22,1,6,0
2024-06-19,A+,32,2,6,0
2024-06-20,A+,38,3,6,0
2024-06-21,A+,24,4,6,0
2024-06-22,A+,14,5,6,1
2024-06-23,A+,20,6,6,1
2024-06-24,A+,26,0,6,0
2024-06-25,A+,31,1,6,0
2024-06-26,A+,29,2,6,0
2024-06-27,A+,26,3,6,0
2024-06-28,A+,28,4,6,0
2024-06-29,A+,15,5,6,1
2024-06-30,A+,25,6,6,1
2024-07-01,A+,36,0,7,0
2024-07-02,A+,21,1,7,0
2024-07-03,A+,20,2,7,0
2024-07-04,A+,25,3,7,0
2024-07-05,A+,21,4,7,0
2024-07-06,A+,14,5,7,1
2024-07-07,A+,13,6,7,1
2024-07-08,A+,27,0,7,0
2024-07-09,A+,25,1,7,0
2024-07-10,A+,29,2,7,0
2024-07-11,A+,25,3,7,0
2024-07-12,A+,21,4,7,0
2024-07-13,A+,20,5,7,1
2024-07-14,A+,15,6,7,1
2024-07-15,A+,30,0,7,0
2024-07-16,A+,19,1,7,0
2024-07-17,A+,17,2,7,0
2024-07-18,A+,19,3,7,0
2024-07-19,A+,25,4,7,0
2024-07-20,A+,19,5,7,1
2024-07-21,A+,21,6,7,1
2024-07-22,A+,25,0,7,0
2024-07-23,A+,23,1,7,0
2024-07-24,A+,35,2,7,0
2024-07-25,A+,33,3,7,0
2024-07-26,A+,32,4,7,0
2024-07-27,A+,22,5,7,1
2024-07-28,A+,22,6,7,1
2024-07-29,A+,23,0,7,0
2024-07-30,A+,28,1,7,0
2024-07-31,A+,23,2,7,0
2024-08-01,A+,22,3,8,0
2024-08-02,A+,19,4,8,0
2024-08-03,A+,23,5,8,1
2024-08-04,A+,21,6,8,1
2024-08-05,A+,26,0,8,0
2024-08-06,A+,25,1,8,0
2024-08-07,A+,18,2,8,0
2024-08-08,A+,29,3,8,0
2024-08-09,A+,26,4,8,0
2024-08-10,A+,25,5,8,1
2024-08-11,A+,21,6,8,1
2024-08-12,A+,31,0,8,0
2024-08-13,A+,27,1,8,0
2024-08-14,A+,28,2,8,0
2024-08-15,A+,32,3,8,0
2024-08-16,A+,27,4,8,0
2024-08-17,A+,23,5,8,1
2024-08-18,A+,18,6,8,1
2024-08-19,A+,27,0,8,0
2024-08-20,A+,36,1,8,0
2024-08-21,A+,31,2,8,0
2024-08-22,A+,25,3,8,0
2024-08-23,A+,30,4,8,0
2024-08-24,A+,14,5,8,1
2024-08-25,A+,19,6,8,1
2024-08-26,A+,23,0,8,0
2024-08-27,A+,30,1,8,0
2024-08-28,A+,27,2,8,0
2024-08-29,A+,29,3,8,0
2024-08-30,A+,31,4,8,0
2024-08-31,A+,18,5,8,1
2024-09-01,A+,18,6,9,1
2024-09-02,A+,27,0,9,0
2024-09-03,A+,23,1,9,0
2024-09-04,A+,27,2,9,0
2024-09-05,A+,28,3,9,0
2024-09-06,A+,29,4,9,0
2024-09-07,A+,23,5,9,1
2024-09-08,A+,12,6,9,1
2024-09-09,A+,21,0,9,0
2024-09-10,A+,22,1,9,0
2024-09-11,A+,28,2,9,0
2024-09-12,A+,26,3,9,0
2024-09-13,A+,16,4,9,0
2024-09-14,A+,30,5,9,1
2024-09-15,A+,10,6,9,1
2024-09-16,A+,28,0,9,0
2024-09-17,A+,30,1,9,0
2024-09-18,A+,24,2,9,0
2024-09-19,A+,31,3,9,0
2024-09-20,A+,22,4,9,0
2024-09-21,A+,21,5,9,1
2024-09-22,A+,10,6,9,1
2024-09-23,A+,33,0,9,0
2024-09-24,A+,28,1,9,0
2024-09-25,A+,19,2,9,0
2024-09-26,A+,31,3,9,0
2024-09-27,A+,36,4,9,0
2024-09-28,A+,16,5,9,1
2024-09-29,A+,19,6,9,1
2024-09-30,A+,25,0,9,0
2024-10-01,A+,24,1,10,0
2024-10-02,A+,23,2,10,0
2024-10-03,A+,24,3,10,0
2024-10-04,A+,25,4,10,0
2024-10-05,A+,19,5,10,1
2024-10-06,A+,18,6,10,1
2024-10-07,A+,31,0,10,0
2024-10-08,A+,31,1,10,0
2024-10-09,A+,20,2,10,0
2024-10-10,A+,25,3,10,0
2024-10-11,A+,34,4,10,0
2024-10-12,A+,22,5,10,1
2024-10-13,A+,22,6,10,1
2024-10-14,A+,29,0,10,0
2024-10-15,A+,26,1,10,0
2024-10-16,A+,27,2,10,0
2024-10-17,A+,25,3,10,0
2024-10-18,A+,32,4,10,0
2024-10-19,A+,19,5,10,1
2024-10-20,A+,20,6,10,1
2024-10-21,A+,31,0,10,0
2024-10-22,A+,26,1,10,0
2024-10-23,A+,27,2,10,0
2024-10-24,A+,26,3,10,0
2024-10-25,A+,27,4,10,0
2024-10-26,A+,19,5,10,1
2024-10-27,A+,18,6,10,1
2024-10-28,A+,24,0,10,0
2024-10-29,A+,27,1,10,0
2024-10-30,A+,33,2,10,0
2024-10-31,A+,31,3,10,0
2024-11-01,A+,20,4,11,0
2024-11-02,A+,18,5,11,1
2024-11-03,A+,17,6,11,1
2024-11-04,A+,20,0,11,0
2024-11-05,A+,29,1,11,0
2024-11-06,A+,27,2,11,0
2024-11-07,A+,38,3,11,0
2024-11-08,A+,26,4,11,0
2024-11-09,A+,17,5,11,1
2024-11-10,A+,16,6,11,1
2024-11-11,A+,25,0,11,0
2024-11-12,A+,30,1,11,0
2024-11-13,A+,31,2,11,0
2024-11-14,A+,42,3,11,0
2024-11-15,A+,21,4,11,0
2024-11-16,A+,21,5,11,1
2024-11-17,A+,17,6,11,1
2024-11-18,A+,29,0,11,0
2024-11-19,A+,34,1,11,0
2024-11-20,A+,32,2,11,0
2024-11-21,A+,21,3,11,0
2024-11-22,A+,31,4,11,0
2024-11-23,A+,10,5,11,1
2024-11-24,A+,9,6,11,1
2024-11-25,A+,26,0,11,0
2024-11-26,A+,31,1,11,0
2024-11-27,A+,29,2,11,0
2024-11-28,A+,37,3,11,0
2024-11-29,A+,28,4,11,0
2024-11-30,A+,20,5,11,1
2024-12-01,A+,28,6,12,1
2024-12-02,A+,28,0,12,0
2024-12-03,A+,32,1,12,0
2024-12-04,A+,33,2,12,0
2024-12-05,A+,25,3,12,0
2024-12-06,A+,32,4,12,0
2024-12-07,A+,34,5,12,1
2024-12-08,A+,28,6,12,1
2024-12-09,A+,26,0,12,0
2024-12-10,A+,42,1,12,0
2024-12-11,A+,34,2,12,0
2024-12-12,A+,32,3,12,0
2024-12-13,A+,30,4,12,0
2024-12-14,A+,26,5,12,1
2024-12-15,A+,23,6,12,1
2024-12-16,A+,30,0,12,0
2024-12-17,A+,30,1,12,0
2024-12-18,A+,35,2,12,0
2024-12-19,A+,35,3,12,0
2024-12-20,A+,30,4,12,0
2024-12-21,A+,15,5,12,1
2024-12-22,A+,23,6,12,1
2024-12-23,A+,27,0,12,0
2024-12-24,A+,28,1,12,0
2024-12-25,A+,30,2,12,0
2024-12-26,A+,25,3,12,0
2024-12-27,A+,22,4,12,0
2024-12-28,A+,24,5,12,1
2024-12-29,A+,23,6,12,1
2024-12-30,A+,30,0,12,0
2024-12-31,A+,33,1,12,0
2025-01-01,A+,27,2,1,0
2025-01-02,A+,32,3,1,0
2025-01-03,A+,37,4,1,0
2025-01-04,A+,21,5,1,1
2025-01-05,A+,32,6,1,1
2025-01-06,A+,31,0,1,0
2025-01-07,A+,26,1,1,0
2025-01-08,A+,35,2,1,0
2025-01-09,A+,30,3,1,0
2025-01-10,A+,36,4,1,0
2025-01-11,A+,25,5,1,1
2025-01-12,A+,21,6,1,1
2025-01-13,A+,38,0,1,0
2025-01-14,A+,28,1,1,0
2025-01-15,A+,19,2,1,0
2025-01-16,A+,35,3,1,0
2025-01-17,A+,32,4,1,0
2025-01-18,A+,29,5,1,1
2025-01-19,A+,18,6,1,1
2025-01-20,A+,29,0,1,0
2025-01-21,A+,28,1,1,0
2025-01-22,A+,35,2,1,0
2025-01-23,A+,34,3,1,0
2025-01-24,A+,31,4,1,0
2025-01-25,A+,24,5,1,1
2025-01-26,A+,17,6,1,1
2025-01-27,A+,34,0,1,0
2025-01-28,A+,34,1,1,0
2025-01-29,A+,42,2,1,0
2025-01-30,A+,33,3,1,0
2025-01-31,A+,33,4,1,0
2025-02-01,A+,23,5,2,1
2025-02-02,A+,17,6,2,1
2025-02-03,A+,34,0,2,0
2025-02-04,A+,27,1,2,0
2025-02-05,A+,27,2,2,0
2025-02-06,A+,27,3,2,0
2025-02-07,A+,27,4,2,0
2025-02-08,A+,18,5,2,1
2025-02-09,A+,22,6,2,1
2025-02-10,A+,27,0,2,0
2025-02-11,A+,27,1,2,0
2025-02-12,A+,30,2,2,0
2025-02-13,A+,28,3,2,0
2025-02-14,A+,25,4,2,0
2025-02-15,A+,17,5,2,1
2025-02-16,A+,21,6,2,1
2025-02-17,A+,24,0,2,0
2025-02-18,A+,23,1,2,0
2025-02-19,A+,23,2,2,0
2025-02-20,A+,29,3,2,0
2025-02-21,A+,34,4,2,0
2025-02-22,A+,22,5,2,1
2025-02-23,A+,25,6,2,1
2025-02-24,A+,27,0,2,0
2025-02-25,A+,28,1,2,0
2025-02-26,A+,36,2,2,0
2025-02-27,A+,32,3,2,0
2025-02-28,A+,32,4,2,0
2025-03-01,A+,23,5,3,1
2025-03-02,A+,25,6,3,1
2025-03-03,A+,35,0,3,0
2025-03-04,A+,30,1,3,0
2025-03-05,A+,21,2,3,0
2025-03-06,A+,35,3,3,0
2025-03-07,A+,38,4,3,0
2025-03-08,A+,25,5,3,1
2025-03-09,A+,22,6,3,1
2025-03-10,A+,31,0,3,0
2025-03-11,A+,23,1,3,0
2025-03-12,A+,31,2,3,0
2025-03-13,A+,27,3,3,0
2025-03-14,A+,30,4,3,0
2025-03-15,A+,19,5,3,1
2025-03-16,A+,18,6,3,1
2025-03-17,A+,28,0,3,0
2025-03-18,A+,36,1,3,0
2025-03-19,A+,31,2,3,0
2025-03-20,A+,28,3,3,0
2025-03-21,A+,37,4,3,0
2025-03-22,A+,25,5,3,1
2025-03-23,A+,13,6,3,1
2025-03-24,A+,38,0,3,0
2025-03-25,A+,33,1,3,0
2025-03-26,A+,37,2,3,0
2025-03-27,A+,32,3,3,0
2025-03-28,A+,41,4,3,0
2025-03-29,A+,23,5,3,1
2025-03-30,A+,11,6,3,1
2025-03-31,A+,29,0,3,0
2025-04-01,A+,36,1,4,0
2025-04-02,A+,34,2,4,0
2025-04-03,A+,32,3,4,0
2025-04-04,A+,28,4,4,0
2025-04-05,A+,25,5,4,1
2025-04-06,A+,25,6,4,1
2025-04-07,A+,33,0,4,0
2025-04-08,A+,36,1,4,0
2025-04-09,A+,34,2,4,0
2025-04-10,A+,32,3,4,0
2025-04-11,A+,28,4,4,0
2025-04-12,A+,32,5,4,1
2025-04-13,A+,35,6,4,1
2025-04-14,A+,42,0,4,0
2025-04-15,A+,37,1,4,0
2025-04-16,A+,25,2,4,0
2025-04-17,A+,24,3,4,0
2025-04-18,A+,30,4,4,0
2025-04-19,A+,24,5,4,1
2025-04-20,A+,24,6,4,1
2025-04-21,A+,34,0,4,0
2025-04-22,A+,26,1,4,0
2025-04-23,A+,41,2,4,0
2025-04-24,A+,41,3,4,0
2025-04-25,A+,26,4,4,0
2025-04-26,A+,15,5,4,1
2025-04-27,A+,24,6,4,1
2025-04-28,A+,39,0,4,0
2025-04-29,A+,33,1,4,0
2025-04-30,A+,34,2,4,0
2025-05-01,A+,25,3,5,0
2025-05-02,A+,28,4,5,0
2025-05-03,A+,25,5,5,1
2025-05-04,A+,23,6,5,1
2025-05-05,A+,30,0,5,0
2025-05-06,A+,19,1,5,0
2025-05-07,A+,38,2,5,0
2025-05-08,A+,19,3,5,0
2025-05-09,A+,28,4,5,0
2025-05-10,A+,20,5,5,1
2025-05-11,A+,20,6,5,1
2025-05-12,A+,32,0,5,0
2025-05-13,A+,24,1,5,0
2025-05-14,A+,25,2,5,0
2025-05-15,A+,22,3,5,0
2025-05-16,A+,33,4,5,0
2025-05-17,A+,22,5,5,1
2025-05-18,A+,24,6,5,1
2025-05-19,A+,32,0,5,0
2025-05-20,A+,38,1,5,0
2025-05-21,A+,37,2,5,0
2025-05-22,A+,29,3,5,0
2025-05-23,A+,28,4,5,0
2025-05-24,A+,18,5,5,1
2025-05-25,A+,24,6,5,1
2025-05-26,A+,31,0,5,0
2025-05-27,A+,24,1,5,0
2025-05-28,A+,31,2,5,0
2025-05-29,A+,33,3,5,0
2025-05-30,A+,22,4,5,0
2025-05-31,A+,21,5,5,1
2025-06-01,A+,20,6,6,1
2025-06-02,A+,27,0,6,0
2025-06-03,A+,23,1,6,0
2025-06-04,A+,18,2,6,0
2025-06-05,A+,24,3,6,0
2025-06-06,A+,23,4,6,0
2025-06-07,A+,22,5,6,1
2025-06-08,A+,22,6,6,1
2025-06-09,A+,29,0,6,0
2025-06-10,A+,20,1,6,0
2025-06-11,A+,22,2,6,0
2025-06-12,A+,24,3,6,0
2025-06-13,A+,28,4,6,0
2025-06-14,A+,19,5,6,1
2025-06-15,A+,22,6,6,1
2025-06-16,A+,32,0,6,0
2025-06-17,A+,22,1,6,0
2025-06-18,A+,23,2,6,0
2025-06-19,A+,28,3,6,0
2025-06-20,A+,27,4,6,0
2025-06-21,A+,24,5,6,1
2025-06-22,A+,21,6,6,1
2025-06-23,A+,36,0,6,0
2024-01-01,A-,4,0,1,0
2024-01-02,A-,6,1,1,0
2024-01-03,A-,5,2,1,0
2024-01-04,A-,4,3,1,0
2024-01-05,A-,3,4,1,0
2024-01-06,A-,3,5,1,1
2024-01-07,A-,5,6,1,1
2024-01-08,A-,6,0,1,0
2024-01-09,A-,5,1,1,0
2024-01-10,A-,5,2,1,0
2024-01-11,A-,4,3,1,0
2024-01-12,A-,5,4,1,0
2024-01-13,A-,3,5,1,1
2024-01-14,A-,5,6,1,1
2024-01-15,A-,4,0,1,0
2024-01-16,A-,5,1,1,0
2024-01-17,A-,7,2,1,0
2024-01-18,A-,6,3,1,0
2024-01-19,A-,4,4,1,0
2024-01-20,A-,2,5,1,1
2024-01-21,A-,4,6,1,1
2024-01-22,A-,5,0,1,0
2024-01-23,A-,6,1,1,0
2024-01-24,A-,5,2,1,0
2024-01-25,A-,5,3,1,0
2024-01-26,A-,5,4,1,0
2024-01-27,A-,2,5,1,1
2024-01-28,A-,4,6,1,1
2024-01-29,A-,4,0,1,0
2024-01-30,A-,6,1,1,0
2024-01-31,A-,6,2,1,0
2024-02-01,A-,5,3,2,0
2024-02-02,A-,3,4,2,0
2024-02-03,A-,3,5,2,1
2024-02-04,A-,3,6,2,1
2024-02-05,A-,5,0,2,0
2024-02-06,A-,5,1,2,0
2024-02-07,A-,4,2,2,0
2024-02-08,A-,4,3,2,0
2024-02-09,A-,5,4,2,0
2024-02-10,A-,2,5,2,1
2024-02-11,A-,3,6,2,1
2024-02-12,A-,5,0,2,0
2024-02-13,A-,5,1,2,0
2024-02-14,A-,4,2,2,0
2024-02-15,A-,6,3,2,0
2024-02-16,A-,3,4,2,0
2024-02-17,A-,5,5,2,1
2024-02-18,A-,4,6,2,1
2024-02-19,A-,3,0,2,0
2024-02-20,A-,3,1,2,0
2024-02-21,A-,5,2,2,0
2024-02-22,A-,4,3,2,0
2024-02-23,A-,4,4,2,0
2024-02-24,A-,5,5,2,1
2024-02-25,A-,2,6,2,1
2024-02-26,A-,4,0,2,0
2024-02-27,A-,4,1,2,0
2024-02-28,A-,2,2,2,0
2024-02-29,A-,5,3,2,0
2024-03-01,A-,5,4,3,0
2024-03-02,A-,5,5,3,1
2024-03-03,A-,5,6,3,1
2024-03-04,A-,6,0,3,0
2024-03-05,A-,6,1,3,0
2024-03-06,A-,6,2,3,0
2024-03-07,A-,5,3,3,0
2024-03-08,A-,5,4,3,0
2024-03-09,A-,5,5,3,1
2024-03-10,A-,5,6,3,1
2024-03-11,A-,6,0,3,0
2024-03-12,A-,6,1,3,0
2024-03-13,A-,5,2,3,0
2024-03-14,A-,6,3,3,0
2024-03-15,A-,6,4,3,0
2024-03-16,A-,2,5,3,1
2024-03-17,A-,5,6,3,1
2024-03-18,A-,6,0,3,0
2024-03-19,A-,5,1,3,0
2024-03-20,A-,7,2,3,0
2024-03-21,A-,4,3,3,0
2024-03-22,A-,6,4,3,0
2024-03-23,A-,4,5,3,1
2024-03-24,A-,4,6,3,1
2024-03-25,A-,6,0,3,0
2024-03-26,A-,6,1,3,0
2024-03-27,A-,4,2,3,0
2024-03-28,A-,6,3,3,0
2024-03-29,A-,5,4,3,0
2024-03-30,A-,5,5,3,1
2024-03-31,A-,5,6,3,1
2024-04-01,A-,5,0,4,0
2024-04-02,A-,5,1,4,0
2024-04-03,A-,5,2,4,0
2024-04-04,A-,7,3,4,0
2024-04-05,A-,4,4,4,0
2024-04-06,A-,4,5,4,1
2024-04-07,A-,3,6,4,1
2024-04-08,A-,6,0,4,0
2024-04-09,A-,5,1,4,0
2024-04-10,A-,5,2,4,0
2024-04-11,A-,7,3,4,0
2024-04-12,A-,5,4,4,0
2024-04-13,A-,4,5,4,1
2024-04-14,A-,4,6,4,1
2024-04-15,A-,5,0,4,0
2024-04-16,A-,8,1,4,0
2024-04-17,A-,4,2,4,0
2024-04-18,A-,6,3,4,0
2024-04-19,A-,8,4,4,0
2024-04-20,A-,5,5,4,1
2024-04-21,A-,4,6,4,1
2024-04-22,A-,4,0,4,0
2024-04-23,A-,7,1,4,0
2024-04-24,A-,6,2,4,0
2024-04-25,A-,4,3,4,0
2024-04-26,A-,5,4,4,0
2024-04-27,A-,3,5,4,1
2024-04-28,A-,1,6,4,1
2024-04-29,A-,4,0,4,0
2024-04-30,A-,6,1,4,0
2024-05-01,A-,5,2,5,0
2024-05-02,A-,4,3,5,0
2024-05-03,A-,6,4,5,0
2024-05-04,A-,4,5,5,1
2024-05-05,A-,3,6,5,1
2024-05-06,A-,4,0,5,0
2024-05-07,A-,5,1,5,0
2024-05-08,A-,4,2,5,0
2024-05-09,A-,3,3,5,0
2024-05-10,A-,4,4,5,0
2024-05-11,A-,4,5,5,1
2024-05-12,A-,4,6,5,1
2024-05-13,A-,5,0,5,0
2024-05-14,A-,5,1,5,0
2024-05-15,A-,6,2,5,0
2024-05-16,A-,5,3,5,0
2024-05-17,A-,4,4,5,0
2024-05-18,A-,5,5,5,1
2024-05-19,A-,4,6,5,1
2024-05-20,A-,6,0,5,0
2024-05-21,A-,3,1,5,0
2024-05-22,A-,4,2,5,0
2024-05-23,A-,4,3,5,0
2024-05-24,A-,5,4,5,0
2024-05-25,A-,5,5,5,1
2024-05-26,A-,2,6,5,1
2024-05-27,A-,5,0,5,0
2024-05-28,A-,3,1,5,0
2024-05-29,A-,6,2,5,0
2024-05-30,A-,3,3,5,0
2024-05-31,A-,5,4,5,0
2024-06-01,A-,4,5,6,1
2024-06-02,A-,4,6,6,1
2024-06-03,A-,4,0,6,0
2024-06-04,A-,4,1,6,0
2024-06-05,A-,6,2,6,0
2024-06-06,A-,5,3,6,0
2024-06-07,A-,5,4,6,0
2024-06-08,A-,4,5,6,1
2024-06-09,A-,2,6,6,1
2024-06-10,A-,3,0,6,0
2024-06-11,A-,4,1,6,0
2024-06-12,A-,4,2,6,0
2024-06-13,A-,4,3,6,0
2024-06-14,A-,5,4,6,0
2024-06-15,A-,4,5,6,1
2024-06-16,A-,3,6,6,1
2024-06-17,A-,4,0,6,0
2024-06-18,A-,5,1,6,0
2024-06-19,A-,4,2,6,0
2024-06-20,A-,5,3,6,0
2024-06-21,A-,4,4,6,0
2024-06-22,A-,4,5,6,1
2024-06-23,A-,2,6,6,1
2024-06-24,A-,5,0,6,0
2024-06-25,A-,4,1,6,0
2024-06-26,A-,4,2,6,0
2024-06-27,A-,5,3,6,0
2024-06-28,A-,4,4,6,0
2024-06-29,A-,3,5,6,1
2024-06-30,A-,2,6,6,1
2024-07-01,A-,3,0,7,0
2024-07-02,A-,5,1,7,0
2024-07-03,A-,6,2,7,0
2024-07-04,A-,4,3,7,0
2024-07-05,A-,4,4,7,0
2024-07-06,A-,2,5,7,1
2024-07-07,A-,1,6,7,1
2024-07-08,A-,5,0,7,0
2024-07-09,A-,3,1,7,0
2024-07-10,A-,3,2,7,0
2024-07-11,A-,5,3,7,0
2024-07-12,A-,5,4,7,0
2024-07-13,A-,4,5,7,1
2024-07-14,A-,3,6,7,1
2024-07-15,A-,4,0,7,0
2024-07-16,A-,3,1,7,0
2024-07-17,A-,4,2,7,0
2024-07-18,A-,4,3,7,0
2024-07-19,A-,3,4,7,0
2024-07-20,A-,3,5,7,1
2024-07-21,A-,3,6,7,1
2024-07-22,A-,4,0,7,0
2024-07-23,A-,4,1,7,0
2024-07-24,A-,5,2,7,0
2024-07-25,A-,5,3,7,0
2024-07-26,A-,6,4,7,0
2024-07-27,A-,2,5,7,1
2024-07-28,A-,3,6,7,1
2024-07-29,A-,6,0,7,0
2024-07-30,A-,3,1,7,0
2024-07-31,A-,3,2,7,0
2024-08-01,A-,4,3,8,0
2024-08-02,A-,6,4,8,0
2024-08-03,A-,2,5,8,1
2024-08-04,A-,4,6,8,1
2024-08-05,A-,4,0,8,0
2024-08-06,A-,3,1,8,0
2024-08-07,A-,7,2,8,0
2024-08-08,A-,5,3,8,0
2024-08-09,A-,5,4,8,0
2024-08-10,A-,4,5,8,1
2024-08-11,A-,4,6,8,1
2024-08-12,A-,6,0,8,0
2024-08-13,A-,6,1,8,0
2024-08-14,A-,4,2,8,0
2024-08-15,A-,6,3,8,0
2024-08-16,A-,4,4,8,0
2024-08-17,A-,4,5,8,1
2024-08-18,A-,2,6,8,1
2024-08-19,A-,5,0,8,0
2024-08-20,A-,4,1,8,0
2024-08-21,A-,3,2,8,0
2024-08-22,A-,6,3,8,0
2024-08-23,A-,6,4,8,0
2024-08-24,A-,5,5,8,1
2024-08-25,A-,2,6,8,1
2024-08-26,A-,6,0,8,0
2024-08-27,A-,4,1,8,0
2024-08-28,A-,6,2,8,0
2024-08-29,A-,5,3,8,0
2024-08-30,A-,5,4,8,0
2024-08-31,A-,3,5,8,1
2024-09-01,A-,3,6,9,1
2024-09-02,A-,4,0,9,0
2024-09-03,A-,4,1,9,0
2024-09-04,A-,4,2,9,0
2024-09-05,A-,6,3,9,0
2024-09-06,A-,3,4,9,0
2024-09-07,A-,4,5,9,1
2024-09-08,A-,3,6,9,1
2024-09-09,A-,5,0,9,0
2024-09-10,A-,5,1,9,0
2024-09-11,A-,5,2,9,0
2024-09-12,A-,5,3,9,0
2024-09-13,A-,5,4,9,0
2024-09-14,A-,4,5,9,1
2024-09-15,A-,2,6,9,1
2024-09-16,A-,3,0,9,0
2024-09-17,A-,4,1,9,0
2024-09-18,A-,5,2,9,0
2024-09-19,A-,6,3,9,0
2024-09-20,A-,5,4,9,0
2024-09-21,A-,5,5,9,1
2024-09-22,A-,4,6,9,1
2024-09-23,A-,4,0,9,0
2024-09-24,A-,6,1,9,0
2024-09-25,A-,4,2,9,0
2024-09-26,A-,5,3,9,0
2024-09-27,A-,3,4,9,0
2024-09-28,A-,2,5,9,1
2024-09-29,A-,4,6,9,1
2024-09-30,A-,5,0,9,0
2024-10-01,A-,6,1,10,0
2024-10-02,A-,4,2,10,0
2024-10-03,A-,6,3,10,0
2024-10-04,A-,6,4,10,0
2024-10-05,A-,3,5,10,1
2024-10-06,A-,4,6,10,1
2024-10-07,A-,5,0,10,0
2024-10-08,A-,6,1,10,0
2024-10-09,A-,6,2,10,0
2024-10-10,A-,5,3,10,0
2024-10-11,A-,3,4,10,0
2024-10-12,A-,4,5,10,1
2024-10-13,A-,2,6,10,1
2024-10-14,A-,5,0,10,0
2024-10-15,A-,5,1,10,0
2024-10-16,A-,4,2,10,0
2024-10-17,A-,4,3,10,0
2024-10-18,A-,4,4,10,0
2024-10-19,A-,3,5,10,1
2024-10-20,A-,3,6,10,1
2024-10-21,A-,5,0,10,0
2024-10-22,A-,5,1,10,0
2024-10-23,A-,4,2,10,0
2024-10-24,A-,6,3,10,0
2024-10-25,A-,4,4,10,0
2024-10-26,A-,4,5,10,1
2024-10-27,A-,3,6,10,1
2024-10-28,A-,7,0,10,0
2024-10-29,A-,5,1,10,0
2024-10-30,A-,6,2,10,0
2024-10-31,A-,4,3,10,0
2024-11-01,A-,4,4,11,0
2024-11-02,A-,3,5,11,1
2024-11-03,A-,5,6,11,1
2024-11-04,A-,4,0,11,0
2024-11-05,A-,4,1,11,0
2024-11-06,A-,6,2,11,0
2024-11-07,A-,5,3,11,0
2024-11-08,A-,4,4,11,0
2024-11-09,A-,3,5,11,1
2024-11-10,A-,4,6,11,1
2024-11-11,A-,5,0,11,0
2024-11-12,A-,5,1,11,0
2024-11-13,A-,4,2,11,0
2024-11-14,A-,4,3,11,0
2024-11-15,A-,1,4,11,0
2024-11-16,A-,2,5,11,1
2024-11-17,A-,3,6,11,1
2024-11-18,A-,4,0,11,0
2024-11-19,A-,4,1,11,0
2024-11-20,A-,7,2,11,0
2024-11-21,A-,5,3,11,0
2024-11-22,A-,3,4,11,0
2024-11-23,A-,4,5,11,1
2024-11-24,A-,4,6,11,1
2024-11-25,A-,4,0,11,0
2024-11-26,A-,5,1,11,0
2024-11-27,A-,5,2,11,0
2024-11-28,A-,5,3,11,0
2024-11-29,A-,3,4,11,0
2024-11-30,A-,4,5,11,1
2024-12-01,A-,5,6,12,1
2024-12-02,A-,7,0,12,0
2024-12-03,A-,4,1,12,0
2024-12-04,A-,5,2,12,0
2024-12-05,A-,5,3,12,0
2024-12-06,A-,6,4,12,0
2024-12-07,A-,3,5,12,1
2024-12-08,A-,3,6,12,1
2024-12-09,A-,5,0,12,0
2024-12-10,A-,5,1,12,0
2024-12-11,A-,6,2,12,0
2024-12-12,A-,4,3,12,0
2024-12-13,A-,4,4,12,0
2024-12-14,A-,5,5,12,1
2024-12-15,A-,6,6,12,1
2024-12-16,A-,7,0,12,0
2024-12-17,A-,5,1,12,0
2024-12-18,A-,6,2,12,0
2024-12-19,A-,4,3,12,0
2024-12-20,A-,5,4,12,0
2024-12-21,A-,3,5,12,1
2024-12-22,A-,5,6,12,1
2024-12-23,A-,6,0,12,0
2024-12-24,A-,7,1,12,0
2024-12-25,A-,5,2,12,0
2024-12-26,A-,6,3,12,0
2024-12-27,A-,5,4,12,0
2024-12-28,A-,4,5,12,1
2024-12-29,A-,4,6,12,1
2024-12-30,A-,7,0,12,0
2024-12-31,A-,5,1,12,0
2025-01-01,A-,5,2,1,0
2025-01-02,A-,3,3,1,0
2025-01-03,A-,5,4,1,0
2025-01-04,A-,4,5,1,1
2025-01-05,A-,3,6,1,1
2025-01-06,A-,4,0,1,0
2025-01-07,A-,3,1,1,0
2025-01-08,A-,4,2,1,0
2025-01-09,A-,6,3,1,0
2025-01-10,A-,4,4,1,0
2025-01-11,A-,4,5,1,1
2025-01-12,A-,4,6,1,1
2025-01-13,A-,7,0,1,0
2025-01-14,A-,6,1,1,0
2025-01-15,A-,6,2,1,0
2025-01-16,A-,5,3,1,0
2025-01-17,A-,5,4,1,0
2025-01-18,A-,4,5,1,1
2025-01-19,A-,5,6,1,1
2025-01-20,A-,5,0,1,0
2025-01-21,A-,6,1,1,0
2025-01-22,A-,8,2,1,0
2025-01-23,A-,5,3,1,0
2025-01-24,A-,5,4,1,0
2025-01-25,A-,4,5,1,1
2025-01-26,A-,4,6,1,1
2025-01-27,A-,6,0,1,0
2025-01-28,A-,5,1,1,0
2025-01-29,A-,5,2,1,0
2025-01-30,A-,5,3,1,0
2025-01-31,A-,5,4,1,0
2025-02-01,A-,3,5,2,1
2025-02-02,A-,2,6,2,1
2025-02-03,A-,5,0,2,0
2025-02-04,A-,6,1,2,0
2025-02-05,A-,4,2,2,0
2025-02-06,A-,4,3,2,0
2025-02-07,A-,6,4,2,0
2025-02-08,A-,3,5,2,1
2025-02-09,A-,4,6,2,1
2025-02-10,A-,4,0,2,0
2025-02-11,A-,5,1,2,0
2025-02-12,A-,6,2,2,0
2025-02-13,A-,5,3,2,0
2025-02-14,A-,5,4,2,0
2025-02-15,A-,2,5,2,1
2025-02-16,A-,4,6,2,1
2025-02-17,A-,4,0,2,0
2025-02-18,A-,6,1,2,0
2025-02-19,A-,5,2,2,0
2025-02-20,A-,5,3,2,0
2025-02-21,A-,5,4,2,0
2025-02-22,A-,4,5,2,1
2025-02-23,A-,5,6,2,1
2025-02-24,A-,6,0,2,0
2025-02-25,A-,3,1,2,0
2025-02-26,A-,4,2,2,0
2025-02-27,A-,5,3,2,0
2025-02-28,A-,4,4,2,0
2025-03-01,A-,3,5,3,1
2025-03-02,A-,3,6,3,1
2025-03-03,A-,5,0,3,0
2025-03-04,A-,2,1,3,0
2025-03-05,A-,4,2,3,0
2025-03-06,A-,4,3,3,0
2025-03-07,A-,7,4,3,0
2025-03-08,A-,5,5,3,1
2025-03-09,A-,4,6,3,1
2025-03-10,A-,6,0,3,0
2025-03-11,A-,6,1,3,0
2025-03-12,A-,5,2,3,0
2025-03-13,A-,7,3,3,0
2025-03-14,A-,6,4,3,0
2025-03-15,A-,5,5,3,1
2025-03-16,A-,5,6,3,1
2025-03-17,A-,6,0,3,0
2025-03-18,A-,6,1,3,0
2025-03-19,A-,6,2,3,0
2025-03-20,A-,5,3,3,0
2025-03-21,A-,6,4,3,0
2025-03-22,A-,4,5,3,1
2025-03-23,A-,4,6,3,1
2025-03-24,A-,6,0,3,0
2025-03-25,A-,6,1,3,0
2025-03-26,A-,7,2,3,0
2025-03-27,A-,4,3,3,0
2025-03-28,A-,6,4,3,0
2025-03-29,A-,3,5,3,1
2025-03-30,A-,4,6,3,1
2025-03-31,A-,6,0,3,0
2025-04-01,A-,4,1,4,0
2025-04-02,A-,6,2,4,0
2025-04-03,A-,6,3,4,0
2025-04-04,A-,5,4,4,0
2025-04-05,A-,4,5,4,1
2025-04-06,A-,3,6,4,1
2025-04-07,A-,7,0,4,0
2025-04-08,A-,7,1,4,0
2025-04-09,A-,6,2,4,0
2025-04-10,A-,5,3,4,0
2025-04-11,A-,6,4,4,0
2025-04-12,A-,5,5,4,1
2025-04-13,A-,4,6,4,1
2025-04-14,A-,5,0,4,0
2025-04-15,A-,5,1,4,0
2025-04-16,A-,6,2,4,0
2025-04-17,A-,6,3,4,0
2025-04-18,A-,6,4,4,0
2025-04-19,A-,5,5,4,1
2025-04-20,A-,5,6,4,1
2025-04-21,A-,6,0,4,0
2025-04-22,A-,6,1,4,0
2025-04-23,A-,4,2,4,0
2025-04-24,A-,7,3,4,0
2025-04-25,A-,6,4,4,0
2025-04-26,A-,4,5,4,1
2025-04-27,A-,4,6,4,1
2025-04-28,A-,6,0,4,0
2025-04-29,A-,5,1,4,0
2025-04-30,A-,4,2,4,0
2025-05-01,A-,3,3,5,0
2025-05-02,A-,4,4,5,0
2025-05-03,A-,1,5,5,1
2025-05-04,A-,2,6,5,1
2025-05-05,A-,6,0,5,0
2025-05-06,A-,5,1,5,0
2025-05-07,A-,4,2,5,0
2025-05-08,A-,4,3,5,0
2025-05-09,A-,6,4,5,0
2025-05-10,A-,4,5,5,1
2025-05-11,A-,3,6,5,1
2025-05-12,A-,6,0,5,0
2025-05-13,A-,4,1,5,0
2025-05-14,A-,5,2,5,0
2025-05-15,A-,3,3,5,0
2025-05-16,A-,4,4,5,0
2025-05-17,A-,3,5,5,1
2025-05-18,A-,2,6,5,1
2025-05-19,A-,5,0,5,0
2025-05-20,A-,5,1,5,0
2025-05-21,A-,5,2,5,0
2025-05-22,A-,7,3,5,0
2025-05-23,A-,5,4,5,0
2025-05-24,A-,3,5,5,1
2025-05-25,A-,2,6,5,1
2025-05-26,A-,5,0,5,0
2025-05-27,A-,5,1,5,0
2025-05-28,A-,3,2,5,0
2025-05-29,A-,4,3,5,0
2025-05-30,A-,5,4,5,0
2025-05-31,A-,4,5,5,1
2025-06-01,A-,4,6,6,1
2025-06-02,A-,4,0,6,0
2025-06-03,A-,5,1,6,0
2025-06-04,A-,5,2,6,0
2025-06-05,A-,4,3,6,0
2025-06-06,A-,4,4,6,0
2025-06-07,A-,4,5,6,1
2025-06-08,A-,3,6,6,1
2025-06-09,A-,3,0,6,0
2025-06-10,A-,6,1,6,0
2025-06-11,A-,4,2,6,0
2025-06-12,A-,4,3,6,0
2025-06-13,A-,5,4,6,0
2025-06-14,A-,4,5,6,1
2025-06-15,A-,3,6,6,1
2025-06-16,A-,2,0,6,0
2025-06-17,A-,4,1,6,0
2025-06-18,A-,5,2,6,0
2025-06-19,A-,4,3,6,0
2025-06-20,A-,5,4,6,0
2025-06-21,A-,4,5,6,1
2025-06-22,A-,4,6,6,1
2025-06-23,A-,4,0,6,0
2024-01-01,B+,22,0,1,0
2024-01-02,B+,30,1,1,0
2024-01-03,B+,23,2,1,0
2024-01-04,B+,23,3,1,0
2024-01-05,B+,26,4,1,0
2024-01-06,B+,23,5,1,1
2024-01-07,B+,14,6,1,1
2024-01-08,B+,22,0,1,0
2024-01-09,B+,17,1,1,0
2024-01-10,B+,23,2,1,0
2024-01-11,B+,26,3,1,0
2024-01-12,B+,22,4,1,0
2024-01-13,B+,25,5,1,1
2024-01-14,B+,18,6,1,1
2024-01-15,B+,23,0,1,0
2024-01-16,B+,22,1,1,0
2024-01-17,B+,18,2,1,0
2024-01-18,B+,23,3,1,0
2024-01-19,B+,25,4,1,0
2024-01-20,B+,17,5,1,1
2024-01-21,B+,19,6,1,1
2024-01-22,B+,21,0,1,0
2024-01-23,B+,19,1,1,0
2024-01-24,B+,23,2,1,0
2024-01-25,B+,25,3,1,0
2024-01-26,B+,23,4,1,0
2024-01-27,B+,18,5,1,1
2024-01-28,B+,21,6,1,1
2024-01-29,B+,27,0,1,0
2024-01-30,B+,27,1,1,0
2024-01-31,B+,28,2,1,0
2024-02-01,B+,23,3,2,0
2024-02-02,B+,23,4,2,0
2024-02-03,B+,24,5,2,1
2024-02-04,B+,19,6,2,1
2024-02-05,B+,18,0,2,0
2024-02-06,B+,14,1,2,0
2024-02-07,B+,21,2,2,0
2024-02-08,B+,24,3,2,0
2024-02-09,B+,25,4,2,0
2024-02-10,B+,11,5,2,1
2024-02-11,B+,19,6,2,1
2024-02-12,B+,26,0,2,0
2024-02-13,B+,24,1,2,0
2024-02-14,B+,23,2,2,0
2024-02-15,B+,21,3,2,0
2024-02-16,B+,20,4,2,0
2024-02-17,B+,19,5,2,1
2024-02-18,B+,18,6,2,1
2024-02-19,B+,20,0,2,0
2024-02-20,B+,32,1,2,0
2024-02-21,B+,16,2,2,0
2024-02-22,B+,21,3,2,0
2024-02-23,B+,18,4,2,0
2024-02-24,B+,18,5,2,1
2024-02-25,B+,8,6,2,1
2024-02-26,B+,27,0,2,0
2024-02-27,B+,25,1,2,0
2024-02-28,B+,23,2,2,0
2024-02-29,B+,20,3,2,0
2024-03-01,B+,29,4,3,0
2024-03-02,B+,21,5,3,1
2024-03-03,B+,23,6,3,1
2024-03-04,B+,25,0,3,0
2024-03-05,B+,25,1,3,0
2024-03-06,B+,30,2,3,0
2024-03-07,B+,28,3,3,0
2024-03-08,B+,25,4,3,0
2024-03-09,B+,21,5,3,1
2024-03-10,B+,20,6,3,1
2024-03-11,B+,28,0,3,0
2024-03-12,B+,31,1,3,0
2024-03-13,B+,25,2,3,0
2024-03-14,B+,23,3,3,0
2024-03-15,B+,27,4,3,0
2024-03-16,B+,17,5,3,1
2024-03-17,B+,16,6,3,1
2024-03-18,B+,30,0,3,0
2024-03-19,B+,25,1,3,0
2024-03-20,B+,19,2,3,0
2024-03-21,B+,29,3,3,0
2024-03-22,B+,24,4,3,0
2024-03-23,B+,22,5,3,1
2024-03-24,B+,24,6,3,1
2024-03-25,B+,27,0,3,0
2024-03-26,B+,18,1,3,0
2024-03-27,B+,18,2,3,0
2024-03-28,B+,23,3,3,0
2024-03-29,B+,26,4,3,0
2024-03-30,B+,24,5,3,1
2024-03-31,B+,20,6,3,1
2024-04-01,B+,36,0,4,0
2024-04-02,B+,20,1,4,0
2024-04-03,B+,26,2,4,0
2024-04-04,B+,24,3,4,0
2024-04-05,B+,27,4,4,0
2024-04-06,B+,26,5,4,1
2024-04-07,B+,26,6,4,1
2024-04-08,B+,26,0,4,0
2024-04-09,B+,29,1,4,0
2024-04-10,B+,27,2,4,0
2024-04-11,B+,22,3,4,0
2024-04-12,B+,26,4,4,0
2024-04-13,B+,17,5,4,1
2024-04-14,B+,19,6,4,1
2024-04-15,B+,23,0,4,0
2024-04-16,B+,27,1,4,0
2024-04-17,B+,27,2,4,0
2024-04-18,B+,29,3,4,0
2024-04-19,B+,27,4,4,0
2024-04-20,B+,26,5,4,1
2024-04-21,B+,28,6,4,1
2024-04-22,B+,24,0,4,0
2024-04-23,B+,30,1,4,0
2024-04-24,B+,34,2,4,0
2024-04-25,B+,30,3,4,0
2024-04-26,B+,29,4,4,0
2024-04-27,B+,12,5,4,1
2024-04-28,B+,17,6,4,1
2024-04-29,B+,24,0,4,0
2024-04-30,B+,31,1,4,0
2024-05-01,B+,19,2,5,0
2024-05-02,B+,21,3,5,0
2024-05-03,B+,25,4,5,0
2024-05-04,B+,13,5,5,1
2024-05-05,B+,17,6,5,1
2024-05-06,B+,22,0,5,0
2024-05-07,B+,25,1,5,0
2024-05-08,B+,24,2,5,0
2024-05-09,B+,24,3,5,0
2024-05-10,B+,22,4,5,0
2024-05-11,B+,9,5,5,1
2024-05-12,B+,17,6,5,1
2024-05-13,B+,22,0,5,0
2024-05-14,B+,25,1,5,0
2024-05-15,B+,20,2,5,0
2024-05-16,B+,22,3,5,0
2024-05-17,B+,22,4,5,0
2024-05-18,B+,13,5,5,1
2024-05-19,B+,11,6,5,1
2024-05-20,B+,23,0,5,0
2024-05-21,B+,25,1,5,0
2024-05-22,B+,19,2,5,0
2024-05-23,B+,21,3,5,0
2024-05-24,B+,25,4,5,0
2024-05-25,B+,20,5,5,1
2024-05-26,B+,17,6,5,1
2024-05-27,B+,23,0,5,0
2024-05-28,B+,24,1,5,0
2024-05-29,B+,24,2,5,0
2024-05-30,B+,17,3,5,0
2024-05-31,B+,29,4,5,0
2024-06-01,B+,17,5,6,1
2024-06-02,B+,19,6,6,1
2024-06-03,B+,18,0,6,0
2024-06-04,B+,21,1,6,0
2024-06-05,B+,23,2,6,0
2024-06-06,B+,14,3,6,0
2024-06-07,B+,18,4,6,0
2024-06-08,B+,13,5,6,1
2024-06-09,B+,11,6,6,1
2024-06-10,B+,22,0,6,0
2024-06-11,B+,21,1,6,0
2024-06-12,B+,27,2,6,0
2024-06-13,B+,17,3,6,0
2024-06-14,B+,22,4,6,0
2024-06-15,B+,13,5,6,1
2024-06-16,B+,9,6,6,1
2024-06-17,B+,24,0,6,0
2024-06-18,B+,24,1,6,0
2024-06-19,B+,24,2,6,0
2024-06-20,B+,16,3,6,0
2024-06-21,B+,22,4,6,0
2024-06-22,B+,18,5,6,1
2024-06-23,B+,20,6,6,1
2024-06-24,B+,24,0,6,0
2024-06-25,B+,25,1,6,0
2024-06-26,B+,26,2,6,0
2024-06-27,B+,22,3,6,0
2024-06-28,B+,23,4,6,0
2024-06-29,B+,20,5,6,1
2024-06-30,B+,18,6,6,1
2024-07-01,B+,26,0,7,0
2024-07-02,B+,25,1,7,0
2024-07-03,B+,19,2,7,0
2024-07-04,B+,16,3,7,0
2024-07-05,B+,22,4,7,0
2024-07-06,B+,11,5,7,1
2024-07-07,B+,16,6,7,1
2024-07-08,B+,21,0,7,0
2024-07-09,B+,27,1,7,0
2024-07-10,B+,24,2,7,0
2024-07-11,B+,25,3,7,0
2024-07-12,B+,20,4,7,0
2024-07-13,B+,22,5,7,1
2024-07-14,B+,20,6,7,1
2024-07-15,B+,23,0,7,0
2024-07-16,B+,14,1,7,0
2024-07-17,B+,26,2,7,0
2024-07-18,B+,29,3,7,0
2024-07-19,B+,22,4,7,0
2024-07-20,B+,16,5,7,1
2024-07-21,B+,14,6,7,1
2024-07-22,B+,15,0,7,0
2024-07-23,B+,19,1,7,0
2024-07-24,B+,28,2,7,0
2024-07-25,B+,26,3,7,0
2024-07-26,B+,18,4,7,0
2024-07-27,B+,14,5,7,1
2024-07-28,B+,24,6,7,1
2024-07-29,B+,17,0,7,0
2024-07-30,B+,19,1,7,0
2024-07-31,B+,20,2,7,0
2024-08-01,B+,16,3,8,0
2024-08-02,B+,19,4,8,0
2024-08-03,B+,14,5,8,1
2024-08-04,B+,12,6,8,1
2024-08-05,B+,27,0,8,0
2024-08-06,B+,17,1,8,0
2024-08-07,B+,21,2,8,0
2024-08-08,B+,18,3,8,0
2024-08-09,B+,21,4,8,0
2024-08-10,B+,12,5,8,1
2024-08-11,B+,16,6,8,1
2024-08-12,B+,23,0,8,0
2024-08-13,B+,27,1,8,0
2024-08-14,B+,19,2,8,0
2024-08-15,B+,28,3,8,0
2024-08-16,B+,18,4,8,0
2024-08-17,B+,15,5,8,1
2024-08-18,B+,23,6,8,1
2024-08-19,B+,33,0,8,0
2024-08-20,B+,28,1,8,0
2024-08-21,B+,21,2,8,0
2024-08-22,B+,24,3,8,0
2024-08-23,B+,24,4,8,0
2024-08-24,B+,17,5,8,1
2024-08-25,B+,12,6,8,1
2024-08-26,B+,22,0,8,0
2024-08-27,B+,19,1,8,0
2024-08-28,B+,18,2,8,0
2024-08-29,B+,20,3,8,0
2024-08-30,B+,23,4,8,0
2024-08-31,B+,20,5,8,1
2024-09-01,B+,15,6,9,1
2024-09-02,B+,21,0,9,0
2024-09-03,B+,25,1,9,0
2024-09-04,B+,22,2,9,0
2024-09-05,B+,23,3,9,0
2024-09-06,B+,22,4,9,0
2024-09-07,B+,17,5,9,1
2024-09-08,B+,12,6,9,1
2024-09-09,B+,22,0,9,0
2024-09-10,B+,27,1,9,0
2024-09-11,B+,22,2,9,0
2024-09-12,B+,18,3,9,0
2024-09-13,B+,27,4,9,0
2024-09-14,B+,19,5,9,1
2024-09-15,B+,19,6,9,1
2024-09-16,B+,24,0,9,0
2024-09-17,B+,17,1,9,0
2024-09-18,B+,24,2,9,0
2024-09-19,B+,27,3,9,0
2024-09-20,B+,20,4,9,0
2024-09-21,B+,8,5,9,1
2024-09-22,B+,17,6,9,1
2024-09-23,B+,22,0,9,0
2024-09-24,B+,15,1,9,0
2024-09-25,B+,24,2,9,0
2024-09-26,B+,24,3,9,0
2024-09-27,B+,16,4,9,0
2024-09-28,B+,23,5,9,1
2024-09-29,B+,19,6,9,1
2024-09-30,B+,14,0,9,0
2024-10-01,B+,25,1,10,0
2024-10-02,B+,25,2,10,0
2024-10-03,B+,27,3,10,0
2024-10-04,B+,19,4,10,0
2024-10-05,B+,19,5,10,1
2024-10-06,B+,15,6,10,1
2024-10-07,B+,19,0,10,0
2024-10-08,B+,18,1,10,0
2024-10-09,B+,14,2,10,0
2024-10-10,B+,24,3,10,0
2024-10-11,B+,20,4,10,0
2024-10-12,B+,5,5,10,1
2024-10-13,B+,16,6,10,1
2024-10-14,B+,26,0,10,0
2024-10-15,B+,16,1,10,0
2024-10-16,B+,19,2,10,0
2024-10-17,B+,23,3,10,0
2024-10-18,B+,11,4,10,0
2024-10-19,B+,14,5,10,1
2024-10-20,B+,17,6,10,1
2024-10-21,B+,19,0,10,0
2024-10-22,B+,16,1,10,0
2024-10-23,B+,17,2,10,0
2024-10-24,B+,15,3,10,0
2024-10-25,B+,19,4,10,0
2024-10-26,B+,20,5,10,1
2024-10-27,B+,25,6,10,1
2024-10-28,B+,22,0,10,0
2024-10-29,B+,25,1,10,0
2024-10-30,B+,18,2,10,0
2024-10-31,B+,13,3,10,0
2024-11-01,B+,29,4,11,0
2024-11-02,B+,14,5,11,1
2024-11-03,B+,19,6,11,1
2024-11-04,B+,22,0,11,0
2024-11-05,B+,25,1,11,0
2024-11-06,B+,25,2,11,0
2024-11-07,B+,23,3,11,0
2024-11-08,B+,23,4,11,0
2024-11-09,B+,21,5,11,1
2024-11-10,B+,14,6,11,1
2024-11-11,B+,28,0,11,0
2024-11-12,B+,19,1,11,0
2024-11-13,B+,22,2,11,0
2024-11-14,B+,24,3,11,0
2024-11-15,B+,15,4,11,0
2024-11-16,B+,21,5,11,1
2024-11-17,B+,18,6,11,1
2024-11-18,B+,35,0,11,0
2024-11-19,B+,30,1,11,0
2024-11-20,B+,21,2,11,0
2024-11-21,B+,29,3,11,0
2024-11-22,B+,25,4,11,0
2024-11-23,B+,17,5,11,1
2024-11-24,B+,9,6,11,1
2024-11-25,B+,16,0,11,0
2024-11-26,B+,22,1,11,0
2024-11-27,B+,20,2,11,0
2024-11-28,B+,22,3,11,0
2024-11-29,B+,27,4,11,0
2024-11-30,B+,19,5,11,1
2024-12-01,B+,15,6,12,1
2024-12-02,B+,27,0,12,0
2024-12-03,B+,20,1,12,0
2024-12-04,B+,19,2,12,0
2024-12-05,B+,25,3,12,0
2024-12-06,B+,20,4,12,0
2024-12-07,B+,15,5,12,1
2024-12-08,B+,22,6,12,1
2024-12-09,B+,26,0,12,0
2024-12-10,B+,22,1,12,0
2024-12-11,B+,17,2,12,0
2024-12-12,B+,21,3,12,0
2024-12-13,B+,31,4,12,0
2024-12-14,B+,21,5,12,1
2024-12-15,B+,23,6,12,1
2024-12-16,B+,25,0,12,0
2024-12-17,B+,22,1,12,0
2024-12-18,B+,27,2,12,0
2024-12-19,B+,29,3,12,0
2024-12-20,B+,22,4,12,0
2024-12-21,B+,15,5,12,1
2024-12-22,B+,12,6,12,1
2024-12-23,B+,21,0,12,0
2024-12-24,B+,26,1,12,0
2024-12-25,B+,21,2,12,0
2024-12-26,B+,27,3,12,0
2024-12-27,B+,31,4,12,0
2024-12-28,B+,18,5,12,1
2024-12-29,B+,18,6,12,1
2024-12-30,B+,26,0,12,0
2024-12-31,B+,21,1,12,0
2025-01-01,B+,21,2,1,0
2025-01-02,B+,21,3,1,0
2025-01-03,B+,19,4,1,0
2025-01-04,B+,21,5,1,1
2025-01-05,B+,16,6,1,1
2025-01-06,B+,28,0,1,0
2025-01-07,B+,26,1,1,0
2025-01-08,B+,24,2,1,0
2025-01-09,B+,27,3,1,0
2025-01-10,B+,20,4,1,0
2025-01-11,B+,15,5,1,1
2025-01-12,B+,20,6,1,1
2025-01-13,B+,15,0,1,0
2025-01-14,B+,24,1,1,0
2025-01-15,B+,26,2,1,0
2025-01-16,B+,29,3,1,0
2025-01-17,B+,30,4,1,0
2025-01-18,B+,17,5,1,1
2025-01-19,B+,21,6,1,1
2025-01-20,B+,21,0,1,0
2025-01-21,B+,22,1,1,0
2025-01-22,B+,29,2,1,0
2025-01-23,B+,24,3,1,0
2025-01-24,B+,24,4,1,0
2025-01-25,B+,14,5,1,1
2025-01-26,B+,19,6,1,1
2025-01-27,B+,27,0,1,0
2025-01-28,B+,27,1,1,0
2025-01-29,B+,19,2,1,0
2025-01-30,B+,28,3,1,0
2025-01-31,B+,20,4,1,0
2025-02-01,B+,16,5,2,1
2025-02-02,B+,10,6,2,1
2025-02-03,B+,21,0,2,0
2025-02-04,B+,18,1,2,0
2025-02-05,B+,20,2,2,0
2025-02-06,B+,22,3,2,0
2025-02-07,B+,25,4,2,0
2025-02-08,B+,19,5,2,1
2025-02-09,B+,7,6,2,1
2025-02-10,B+,24,0,2,0
2025-02-11,B+,22,1,2,0
2025-02-12,B+,19,2,2,0
2025-02-13,B+,18,3,2,0
2025-02-14,B+,21,4,2,0
2025-02-15,B+,17,5,2,1
2025-02-16,B+,17,6,2,1
2025-02-17,B+,21,0,2,0
2025-02-18,B+,12,1,2,0
2025-02-19,B+,20,2,2,0
2025-02-20,B+,17,3,2,0
2025-02-21,B+,30,4,2,0
2025-02-22,B+,16,5,2,1
2025-02-23,B+,19,6,2,1
2025-02-24,B+,24,0,2,0
2025-02-25,B+,23,1,2,0
2025-02-26,B+,20,2,2,0
2025-02-27,B+,19,3,2,0
2025-02-28,B+,13,4,2,0
2025-03-01,B+,20,5,3,1
2025-03-02,B+,20,6,3,1
2025-03-03,B+,26,0,3,0
2025-03-04,B+,26,1,3,0
2025-03-05,B+,21,2,3,0
2025-03-06,B+,25,3,3,0
2025-03-07,B+,23,4,3,0
2025-03-08,B+,22,5,3,1
2025-03-09,B+,19,6,3,1
2025-03-10,B+,23,0,3,0
2025-03-11,B+,25,1,3,0
2025-03-12,B+,22,2,3,0
2025-03-13,B+,25,3,3,0
2025-03-14,B+,28,4,3,0
2025-03-15,B+,14,5,3,1
2025-03-16,B+,19,6,3,1
2025-03-17,B+,23,0,3,0
2025-03-18,B+,21,1,3,0
2025-03-19,B+,33,2,3,0
2025-03-20,B+,31,3,3,0
2025-03-21,B+,24,4,3,0
2025-03-22,B+,18,5,3,1
2025-03-23,B+,11,6,3,1
2025-03-24,B+,20,0,3,0
2025-03-25,B+,21,1,3,0
2025-03-26,B+,26,2,3,0
2025-03-27,B+,25,3,3,0
2025-03-28,B+,27,4,3,0
2025-03-29,B+,22,5,3,1
2025-03-30,B+,20,6,3,1
2025-03-31,B+,22,0,3,0
2025-04-01,B+,27,1,4,0
2025-04-02,B+,28,2,4,0
2025-04-03,B+,24,3,4,0
2025-04-04,B+,19,4,4,0
2025-04-05,B+,24,5,4,1
2025-04-06,B+,20,6,4,1
2025-04-07,B+,15,0,4,0
2025-04-08,B+,34,1,4,0
2025-04-09,B+,24,2,4,0
2025-04-10,B+,36,3,4,0
2025-04-11,B+,27,4,4,0
2025-04-12,B+,18,5,4,1
2025-04-13,B+,20,6,4,1
2025-04-14,B+,23,0,4,0
2025-04-15,B+,26,1,4,0
2025-04-16,B+,34,2,4,0
2025-04-17,B+,22,3,4,0
2025-04-18,B+,28,4,4,0
2025-04-19,B+,16,5,4,1
2025-04-20,B+,19,6,4,1
2025-04-21,B+,34,0,4,0
2025-04-22,B+,28,1,4,0
2025-04-23,B+,29,2,4,0
2025-04-24,B+,26,3,4,0
2025-04-25,B+,37,4,4,0
2025-04-26,B+,16,5,4,1
2025-04-27,B+,13,6,4,1
2025-04-28,B+,33,0,4,0
2025-04-29,B+,24,1,4,0
2025-04-30,B+,28,2,4,0
2025-05-01,B+,28,3,5,0
2025-05-02,B+,23,4,5,0
2025-05-03,B+,25,5,5,1
2025-05-04,B+,17,6,5,1
2025-05-05,B+,19,0,5,0
2025-05-06,B+,12,1,5,0
2025-05-07,B+,23,2,5,0
2025-05-08,B+,13,3,5,0
2025-05-09,B+,23,4,5,0
2025-05-10,B+,22,5,5,1
2025-05-11,B+,16,6,5,1
2025-05-12,B+,22,0,5,0
2025-05-13,B+,25,1,5,0
2025-05-14,B+,24,2,5,0
2025-05-15,B+,26,3,5,0
2025-05-16,B+,21,4,5,0
2025-05-17,B+,7,5,5,1
2025-05-18,B+,21,6,5,1
2025-05-19,B+,21,0,5,0
2025-05-20,B+,18,1,5,0
2025-05-21,B+,23,2,5,0
2025-05-22,B+,22,3,5,0
2025-05-23,B+,19,4,5,0
2025-05-24,B+,11,5,5,1
2025-05-25,B+,18,6,5,1
2025-05-26,B+,18,0,5,0
2025-05-27,B+,22,1,5,0
2025-05-28,B+,23,2,5,0
2025-05-29,B+,25,3,5,0
2025-05-30,B+,30,4,5,0
2025-05-31,B+,17,5,5,1
2025-06-01,B+,14,6,6,1
2025-06-02,B+,28,0,6,0
2025-06-03,B+,26,1,6,0
2025-06-04,B+,22,2,6,0
2025-06-05,B+,22,3,6,0
2025-06-06,B+,22,4,6,0
2025-06-07,B+,17,5,6,1
2025-06-08,B+,16,6,6,1
2025-06-09,B+,18,0,6,0
2025-06-10,B+,22,1,6,0
2025-06-11,B+,28,2,6,0
2025-06-12,B+,18,3,6,0
2025-06-13,B+,20,4,6,0
2025-06-14,B+,12,5,6,1
2025-06-15,B+,21,6,6,1
2025-06-16,B+,25,0,6,0
2025-06-17,B+,16,1,6,0
2025-06-18,B+,14,2,6,0
2025-06-19,B+,25,3,6,0
2025-06-20,B+,16,4,6,0
2025-06-21,B+,19,5,6,1
2025-06-22,B+,13,6,6,1
2025-06-23,B+,24,0,6,0
2024-01-01,B-,4,0,1,0
2024-01-02,B-,4,1,1,0
2024-01-03,B-,3,2,1,0
2024-01-04,B-,4,3,1,0
2024-01-05,B-,3,4,1,0
2024-01-06,B-,4,5,1,1
2024-01-07,B-,2,6,1,1
2024-01-08,B-,4,0,1,0
2024-01-09,B-,4,1,1,0
2024-01-10,B-,4,2,1,0
2024-01-11,B-,3,3,1,0
2024-01-12,B-,4,4,1,0
2024-01-13,B-,1,5,1,1
2024-01-14,B-,2,6,1,1
2024-01-15,B-,3,0,1,0
2024-01-16,B-,4,1,1,0
2024-01-17,B-,5,2,1,0
2024-01-18,B-,3,3,1,0
2024-01-19,B-,5,4,1,0
2024-01-20,B-,2,5,1,1
2024-01-21,B-,2,6,1,1
2024-01-22,B-,3,0,1,0
2024-01-23,B-,4,1,1,0
2024-01-24,B-,4,2,1,0
2024-01-25,B-,4,3,1,0
2024-01-26,B-,4,4,1,0
2024-01-27,B-,3,5,1,1
2024-01-28,B-,3,6,1,1
2024-01-29,B-,5,0,1,0
2024-01-30,B-,4,1,1,0
2024-01-31,B-,5,2,1,0
2024-02-01,B-,4,3,2,0
2024-02-02,B-,4,4,2,0
2024-02-03,B-,3,5,2,1
2024-02-04,B-,0,6,2,1
2024-02-05,B-,3,0,2,0
2024-02-06,B-,3,1,2,0
2024-02-07,B-,5,2,2,0
2024-02-08,B-,3,3,2,0
2024-02-09,B-,3,4,2,0
2024-02-10,B-,2,5,2,1
2024-02-11,B-,2,6,2,1
2024-02-12,B-,3,0,2,0
2024-02-13,B-,4,1,2,0
2024-02-14,B-,2,2,2,0
2024-02-15,B-,4,3,2,0
2024-02-16,B-,3,4,2,0
2024-02-17,B-,3,5,2,1
2024-02-18,B-,3,6,2,1
2024-02-19,B-,2,0,2,0
2024-02-20,B-,3,1,2,0
2024-02-21,B-,4,2,2,0
2024-02-22,B-,3,3,2,0
2024-02-23,B-,4,4,2,0
2024-02-24,B-,2,5,2,1
2024-02-25,B-,3,6,2,1
2024-02-26,B-,4,0,2,0
2024-02-27,B-,3,1,2,0
2024-02-28,B-,4,2,2,0
2024-02-29,B-,3,3,2,0
2024-03-01,B-,5,4,3,0
2024-03-02,B-,5,5,3,1
2024-03-03,B-,3,6,3,1
2024-03-04,B-,4,0,3,0
2024-03-05,B-,5,1,3,0
2024-03-06,B-,5,2,3,0
2024-03-07,B-,4,3,3,0
2024-03-08,B-,4,4,3,0
2024-03-09,B-,4,5,3,1
2024-03-10,B-,4,6,3,1
2024-03-11,B-,4,0,3,0
2024-03-12,B-,4,1,3,0
2024-03-13,B-,4,2,3,0
2024-03-14,B-,3,3,3,0
2024-03-15,B-,5,4,3,0
2024-03-16,B-,4,5,3,1
2024-03-17,B-,3,6,3,1
2024-03-18,B-,4,0,3,0
2024-03-19,B-,5,1,3,0
2024-03-20,B-,5,2,3,0
2024-03-21,B-,4,3,3,0
2024-03-22,B-,5,4,3,0
2024-03-23,B-,3,5,3,1
2024-03-24,B-,3,6,3,1
2024-03-25,B-,4,0,3,0
2024-03-26,B-,4,1,3,0
2024-03-27,B-,4,2,3,0
2024-03-28,B-,4,3,3,0
2024-03-29,B-,5,4,3,0
2024-03-30,B-,4,5,3,1
2024-03-31,B-,3,6,3,1
2024-04-01,B-,5,0,4,0
2024-04-02,B-,4,1,4,0
2024-04-03,B-,4,2,4,0
2024-04-04,B-,4,3,4,0
2024-04-05,B-,5,4,4,0
2024-04-06,B-,4,5,4,1
2024-04-07,B-,3,6,4,1
2024-04-08,B-,3,0,4,0
2024-04-09,B-,5,1,4,0
2024-04-10,B-,3,2,4,0
2024-04-11,B-,3,3,4,0
2024-04-12,B-,3,4,4,0
2024-04-13,B-,3,5,4,1
2024-04-14,B-,4,6,4,1
2024-04-15,B-,4,0,4,0
2024-04-16,B-,4,1,4,0
2024-04-17,B-,4,2,4,0
2024-04-18,B-,5,3,4,0
2024-04-19,B-,5,4,4,0
2024-04-20,B-,3,5,4,1
2024-04-21,B-,2,6,4,1
2024-04-22,B-,4,0,4,0
2024-04-23,B-,6,1,4,0
2024-04-24,B-,3,2,4,0
2024-04-25,B-,5,3,4,0
2024-04-26,B-,6,4,4,0
2024-04-27,B-,3,5,4,1
2024-04-28,B-,4,6,4,1
2024-04-29,B-,4,0,4,0
2024-04-30,B-,3,1,4,0
2024-05-01,B-,3,2,5,0
2024-05-02,B-,3,3,5,0
2024-05-03,B-,2,4,5,0
2024-05-04,B-,2,5,5,1
2024-05-05,B-,3,6,5,1
2024-05-06,B-,3,0,5,0
2024-05-07,B-,3,1,5,0
2024-05-08,B-,4,2,5,0
2024-05-09,B-,3,3,5,0
2024-05-10,B-,4,4,5,0
2024-05-11,B-,1,5,5,1
2024-05-12,B-,2,6,5,1
2024-05-13,B-,3,0,5,0
2024-05-14,B-,4,1,5,0
2024-05-15,B-,3,2,5,0
2024-05-16,B-,3,3,5,0
2024-05-17,B-,4,4,5,0
2024-05-18,B-,3,5,5,1
2024-05-19,B-,2,6,5,1
2024-05-20,B-,3,0,5,0
2024-05-21,B-,4,1,5,0
2024-05-22,B-,3,2,5,0
2024-05-23,B-,4,3,5,0
2024-05-24,B-,3,4,5,0
2024-05-25,B-,4,5,5,1
2024-05-26,B-,3,6,5,1
2024-05-27,B-,4,0,5,0
2024-05-28,B-,3,1,5,0
2024-05-29,B-,4,2,5,0
2024-05-30,B-,4,3,5,0
2024-05-31,B-,4,4,5,0
2024-06-01,B-,2,5,6,1
2024-06-02,B-,3,6,6,1
2024-06-03,B-,2,0,6,0
2024-06-04,B-,5,1,6,0
2024-06-05,B-,3,2,6,0
2024-06-06,B-,3,3,6,0
2024-06-07,B-,3,4,6,0
2024-06-08,B-,3,5,6,1
2024-06-09,B-,3,6,6,1
2024-06-10,B-,3,0,6,0
2024-06-11,B-,2,1,6,0
2024-06-12,B-,3,2,6,0
2024-06-13,B-,4,3,6,0
2024-06-14,B-,4,4,6,0
2024-06-15,B-,2,5,6,1
2024-06-16,B-,2,6,6,1
2024-06-17,B-,2,0,6,0
2024-06-18,B-,4,1,6,0
2024-06-19,B-,2,2,6,0
2024-06-20,B-,3,3,6,0
2024-06-21,B-,3,4,6,0
2024-06-22,B-,3,5,6,1
2024-06-23,B-,3,6,6,1
2024-06-24,B-,3,0,6,0
2024-06-25,B-,4,1,6,0
2024-06-26,B-,2,2,6,0
2024-06-27,B-,3,3,6,0
2024-06-28,B-,3,4,6,0
2024-06-29,B-,3,5,6,1
2024-06-30,B-,3,6,6,1
2024-07-01,B-,4,0,7,0
2024-07-02,B-,3,1,7,0
2024-07-03,B-,4,2,7,0
2024-07-04,B-,3,3,7,0
2024-07-05,B-,3,4,7,0
2024-07-06,B-,2,5,7,1
2024-07-07,B-,2,6,7,1
2024-07-08,B-,4,0,7,0
2024-07-09,B-,3,1,7,0
2024-07-10,B-,3,2,7,0
2024-07-11,B-,3,3,7,0
2024-07-12,B-,4,4,7,0
2024-07-13,B-,1,5,7,1
2024-07-14,B-,2,6,7,1
2024-07-15,B-,5,0,7,0
2024-07-16,B-,3,1,7,0
2024-07-17,B-,4,2,7,0
2024-07-18,B-,4,3,7,0
2024-07-19,B-,3,4,7,0
2024-07-20,B-,1,5,7,1
2024-07-21,B-,2,6,7,1
2024-07-22,B-,3,0,7,0
2024-07-23,B-,4,1,7,0
2024-07-24,B-,4,2,7,0
2024-07-25,B-,3,3,7,0
2024-07-26,B-,3,4,7,0
2024-07-27,B-,3,5,7,1
2024-07-28,B-,3,6,7,1
2024-07-29,B-,3,0,7,0
2024-07-30,B-,5,1,7,0
2024-07-31,B-,4,2,7,0
2024-08-01,B-,4,3,8,0
2024-08-02,B-,3,4,8,0
2024-08-03,B-,2,5,8,1
2024-08-04,B-,3,6,8,1
2024-08-05,B-,3,0,8,0
2024-08-06,B-,4,1,8,0
2024-08-07,B-,2,2,8,0
2024-08-08,B-,3,3,8,0
2024-08-09,B-,3,4,8,0
2024-08-10,B-,3,5,8,1
2024-08-11,B-,2,6,8,1
2024-08-12,B-,2,0,8,0
2024-08-13,B-,4,1,8,0
2024-08-14,B-,3,2,8,0
2024-08-15,B-,2,3,8,0
2024-08-16,B-,2,4,8,0
2024-08-17,B-,2,5,8,1
2024-08-18,B-,2,6,8,1
2024-08-19,B-,5,0,8,0
2024-08-20,B-,3,1,8,0
2024-08-21,B-,4,2,8,0
2024-08-22,B-,2,3,8,0
2024-08-23,B-,4,4,8,0
2024-08-24,B-,4,5,8,1
2024-08-25,B-,3,6,8,1
2024-08-26,B-,3,0,8,0
2024-08-27,B-,4,1,8,0
2024-08-28,B-,4,2,8,0
2024-08-29,B-,4,3,8,0
2024-08-30,B-,3,4,8,0
2024-08-31,B-,3,5,8,1
2024-09-01,B-,2,6,9,1
2024-09-02,B-,4,0,9,0
2024-09-03,B-,4,1,9,0
2024-09-04,B-,4,2,9,0
2024-09-05,B-,3,3,9,0
2024-09-06,B-,3,4,9,0
2024-09-07,B-,3,5,9,1
2024-09-08,B-,2,6,9,1
2024-09-09,B-,3,0,9,0
2024-09-10,B-,3,1,9,0
2024-09-11,B-,3,2,9,0
2024-09-12,B-,4,3,9,0
2024-09-13,B-,5,4,9,0
2024-09-14,B-,1,5,9,1
2024-09-15,B-,2,6,9,1
2024-09-16,B-,3,0,9,0
2024-09-17,B-,4,1,9,0
2024-09-18,B-,3,2,9,0
2024-09-19,B-,3,3,9,0
2024-09-20,B-,3,4,9,0
2024-09-21,B-,2,5,9,1
2024-09-22,B-,3,6,9,1
2024-09-23,B-,4,0,9,0
2024-09-24,B-,4,1,9,0
2024-09-25,B-,3,2,9,0
2024-09-26,B-,5,3,9,0
2024-09-27,B-,3,4,9,0
2024-09-28,B-,3,5,9,1
2024-09-29,B-,2,6,9,1
2024-09-30,B-,3,0,9,0
2024-10-01,B-,4,1,10,0
2024-10-02,B-,4,2,10,0
2024-10-03,B-,5,3,10,0
2024-10-04,B-,4,4,10,0
2024-10-05,B-,3,5,10,1
2024-10-06,B-,3,6,10,1
2024-10-07,B-,4,0,10,0
2024-10-08,B-,3,1,10,0
2024-10-09,B-,4,2,10,0
2024-10-10,B-,4,3,10,0
2024-10-11,B-,5,4,10,0
2024-10-12,B-,1,5,10,1
2024-10-13,B-,1,6,10,1
2024-10-14,B-,4,0,10,0
2024-10-15,B-,3,1,10,0
2024-10-16,B-,2,2,10,0
2024-10-17,B-,2,3,10,0
2024-10-18,B-,5,4,10,0
2024-10-19,B-,3,5,10,1
2024-10-20,B-,2,6,10,1
2024-10-21,B-,3,0,10,0
2024-10-22,B-,4,1,10,0
2024-10-23,B-,4,2,10,0
2024-10-24,B-,3,3,10,0
2024-10-25,B-,3,4,10,0
2024-10-26,B-,3,5,10,1
2024-10-27,B-,2,6,10,1
2024-10-28,B-,3,0,10,0
2024-10-29,B-,4,1,10,0
2024-10-30,B-,2,2,10,0
2024-10-31,B-,4,3,10,0
2024-11-01,B-,4,4,11,0
2024-11-02,B-,2,5,11,1
2024-11-03,B-,1,6,11,1
2024-11-04,B-,3,0,11,0
2024-11-05,B-,4,1,11,0
2024-11-06,B-,4,2,11,0
2024-11-07,B-,5,3,11,0
2024-11-08,B-,4,4,11,0
2024-11-09,B-,1,5,11,1
2024-11-10,B-,2,6,11,1
2024-11-11,B-,3,0,11,0
2024-11-12,B-,3,1,11,0
2024-11-13,B-,5,2,11,0
2024-11-14,B-,4,3,11,0
2024-11-15,B-,3,4,11,0
2024-11-16,B-,3,5,11,1
2024-11-17,B-,2,6,11,1
2024-11-18,B-,2,0,11,0
2024-11-19,B-,3,1,11,0
2024-11-20,B-,4,2,11,0
2024-11-21,B-,4,3,11,0
2024-11-22,B-,5,4,11,0
2024-11-23,B-,3,5,11,1
2024-11-24,B-,3,6,11,1
2024-11-25,B-,4,0,11,0
2024-11-26,B-,4,1,11,0
2024-11-27,B-,4,2,11,0
2024-11-28,B-,4,3,11,0
2024-11-29,B-,4,4,11,0
2024-11-30,B-,2,5,11,1
2024-12-01,B-,1,6,12,1
2024-12-02,B-,4,0,12,0
2024-12-03,B-,4,1,12,0
2024-12-04,B-,3,2,12,0
2024-12-05,B-,3,3,12,0
2024-12-06,B-,4,4,12,0
2024-12-07,B-,3,5,12,1
2024-12-08,B-,3,6,12,1
2024-12-09,B-,3,0,12,0
2024-12-10,B-,3,1,12,0
2024-12-11,B-,4,2,12,0
2024-12-12,B-,4,3,12,0
2024-12-13,B-,5,4,12,0
2024-12-14,B-,3,5,12,1
2024-12-15,B-,3,6,12,1
2024-12-16,B-,4,0,12,0
2024-12-17,B-,3,1,12,0
2024-12-18,B-,5,2,12,0
2024-12-19,B-,3,3,12,0
2024-12-20,B-,4,4,12,0
2024-12-21,B-,3,5,12,1
2024-12-22,B-,3,6,12,1
2024-12-23,B-,5,0,12,0
2024-12-24,B-,4,1,12,0
2024-12-25,B-,4,2,12,0
2024-12-26,B-,4,3,12,0
2024-12-27,B-,5,4,12,0
2024-12-28,B-,4,5,12,1
2024-12-29,B-,3,6,12,1
2024-12-30,B-,4,0,12,0
2024-12-31,B-,3,1,12,0
2025-01-01,B-,4,2,1,0
2025-01-02,B-,4,3,1,0
2025-01-03,B-,5,4,1,0
2025-01-04,B-,3,5,1,1
2025-01-05,B-,3,6,1,1
2025-01-06,B-,5,0,1,0
2025-01-07,B-,4,1,1,0
2025-01-08,B-,5,2,1,0
2025-01-09,B-,5,3,1,0
2025-01-10,B-,4,4,1,0
2025-01-11,B-,3,5,1,1
2025-01-12,B-,3,6,1,1
2025-01-13,B-,3,0,1,0
2025-01-14,B-,4,1,1,0
2025-01-15,B-,4,2,1,0
2025-01-16,B-,4,3,1,0
2025-01-17,B-,3,4,1,0
2025-01-18,B-,2,5,1,1
2025-01-19,B-,2,6,1,1
2025-01-20,B-,4,0,1,0
2025-01-21,B-,3,1,1,0
2025-01-22,B-,4,2,1,0
2025-01-23,B-,5,3,1,0
2025-01-24,B-,5,4,1,0
2025-01-25,B-,3,5,1,1
2025-01-26,B-,4,6,1,1
2025-01-27,B-,3,0,1,0
2025-01-28,B-,4,1,1,0
2025-01-29,B-,3,2,1,0
2025-01-30,B-,5,3,1,0
2025-01-31,B-,5,4,1,0
2025-02-01,B-,2,5,2,1
2025-02-02,B-,1,6,2,1
2025-02-03,B-,3,0,2,0
2025-02-04,B-,3,1,2,0
2025-02-05,B-,3,2,2,0
2025-02-06,B-,3,3,2,0
2025-02-07,B-,4,4,2,0
2025-02-08,B-,3,5,2,1
2025-02-09,B-,1,6,2,1
2025-02-10,B-,3,0,2,0
2025-02-11,B-,4,1,2,0
2025-02-12,B-,3,2,2,0
2025-02-13,B-,4,3,2,0
2025-02-14,B-,3,4,2,0
2025-02-15,B-,2,5,2,1
2025-02-16,B-,2,6,2,1
2025-02-17,B-,4,0,2,0
2025-02-18,B-,3,1,2,0
2025-02-19,B-,2,2,2,0
2025-02-20,B-,4,3,2,0
2025-02-21,B-,3,4,2,0
2025-02-22,B-,1,5,2,1
2025-02-23,B-,3,6,2,1
2025-02-24,B-,3,0,2,0
2025-02-25,B-,3,1,2,0
2025-02-26,B-,4,2,2,0
2025-02-27,B-,4,3,2,0
2025-02-28,B-,4,4,2,0
2025-03-01,B-,3,5,3,1
2025-03-02,B-,2,6,3,1
2025-03-03,B-,5,0,3,0
2025-03-04,B-,5,1,3,0
2025-03-05,B-,4,2,3,0
2025-03-06,B-,4,3,3,0
2025-03-07,B-,4,4,3,0
2025-03-08,B-,3,5,3,1
2025-03-09,B-,4,6,3,1
2025-03-10,B-,3,0,3,0
2025-03-11,B-,3,1,3,0
2025-03-12,B-,3,2,3,0
2025-03-13,B-,4,3,3,0
2025-03-14,B-,5,4,3,0
2025-03-15,B-,3,5,3,1
2025-03-16,B-,3,6,3,1
2025-03-17,B-,5,0,3,0
2025-03-18,B-,4,1,3,0
2025-03-19,B-,5,2,3,0
2025-03-20,B-,5,3,3,0
2025-03-21,B-,4,4,3,0
2025-03-22,B-,3,5,3,1
2025-03-23,B-,3,6,3,1
2025-03-24,B-,5,0,3,0
2025-03-25,B-,4,1,3,0
2025-03-26,B-,5,2,3,0
2025-03-27,B-,3,3,3,0
2025-03-28,B-,5,4,3,0
2025-03-29,B-,4,5,3,1
2025-03-30,B-,3,6,3,1
2025-03-31,B-,5,0,3,0
2025-04-01,B-,4,1,4,0
2025-04-02,B-,4,2,4,0
2025-04-03,B-,6,3,4,0
2025-04-04,B-,4,4,4,0
2025-04-05,B-,4,5,4,1
2025-04-06,B-,4,6,4,1
2025-04-07,B-,5,0,4,0
2025-04-08,B-,5,1,4,0
2025-04-09,B-,5,2,4,0
2025-04-10,B-,5,3,4,0
2025-04-11,B-,5,4,4,0
2025-04-12,B-,3,5,4,1
2025-04-13,B-,2,6,4,1
2025-04-14,B-,5,0,4,0
2025-04-15,B-,5,1,4,0
2025-04-16,B-,4,2,4,0
2025-04-17,B-,4,3,4,0
2025-04-18,B-,5,4,4,0
2025-04-19,B-,4,5,4,1
2025-04-20,B-,2,6,4,1
2025-04-21,B-,5,0,4,0
2025-04-22,B-,4,1,4,0
2025-04-23,B-,4,2,4,0
2025-04-24,B-,4,3,4,0
2025-04-25,B-,4,4,4,0
2025-04-26,B-,3,5,4,1
2025-04-27,B-,3,6,4,1
2025-04-28,B-,5,0,4,0
2025-04-29,B-,3,1,4,0
2025-04-30,B-,5,2,4,0
2025-05-01,B-,4,3,5,0
2025-05-02,B-,2,4,5,0
2025-05-03,B-,4,5,5,1
2025-05-04,B-,3,6,5,1
2025-05-05,B-,4,0,5,0
2025-05-06,B-,4,1,5,0
2025-05-07,B-,4,2,5,0
2025-05-08,B-,3,3,5,0
2025-05-09,B-,4,4,5,0
2025-05-10,B-,1,5,5,1
2025-05-11,B-,3,6,5,1
2025-05-12,B-,5,0,5,0
2025-05-13,B-,3,1,5,0
2025-05-14,B-,4,2,5,0
2025-05-15,B-,5,3,5,0
2025-05-16,B-,4,4,5,0
2025-05-17,B-,3,5,5,1
2025-05-18,B-,1,6,5,1
2025-05-19,B-,3,0,5,0
2025-05-20,B-,5,1,5,0
2025-05-21,B-,4,2,5,0
2025-05-22,B-,4,3,5,0
2025-05-23,B-,3,4,5,0
2025-05-24,B-,3,5,5,1
2025-05-25,B-,4,6,5,1
2025-05-26,B-,3,0,5,0
2025-05-27,B-,4,1,5,0
2025-05-28,B-,4,2,5,0
2025-05-29,B-,3,3,5,0
2025-05-30,B-,3,4,5,0
2025-05-31,B-,4,5,5,1
2025-06-01,B-,3,6,6,1
2025-06-02,B-,3,0,6,0
2025-06-03,B-,3,1,6,0
2025-06-04,B-,3,2,6,0
2025-06-05,B-,4,3,6,0
2025-06-06,B-,3,4,6,0
2025-06-07,B-,2,5,6,1
2025-06-08,B-,3,6,6,1
2025-06-09,B-,2,0,6,0
2025-06-10,B-,3,1,6,0
2025-06-11,B-,3,2,6,0
2025-06-12,B-,3,3,6,0
2025-06-13,B-,3,4,6,0
2025-06-14,B-,2,5,6,1
2025-06-15,B-,3,6,6,1
2025-06-16,B-,3,0,6,0
2025-06-17,B-,4,1,6,0
2025-06-18,B-,3,2,6,0
2025-06-19,B-,3,3,6,0
2025-06-20,B-,4,4,6,0
2025-06-21,B-,2,5,6,1
2025-06-22,B-,3,6,6,1
2025-06-23,B-,3,0,6,0
2024-01-01,O+,48,0,1,0
2024-01-02,O+,36,1,1,0
2024-01-03,O+,36,2,1,0
2024-01-04,O+,30,3,1,0
2024-01-05,O+,38,4,1,0
2024-01-06,O+,29,5,1,1
2024-01-07,O+,31,6,1,1
2024-01-08,O+,46,0,1,0
2024-01-09,O+,46,1,1,0
2024-01-10,O+,49,2,1,0
2024-01-11,O+,35,3,1,0
2024-01-12,O+,42,4,1,0
2024-01-13,O+,24,5,1,1
2024-01-14,O+,34,6,1,1
2024-01-15,O+,54,0,1,0
2024-01-16,O+,33,1,1,0
2024-01-17,O+,46,2,1,0
2024-01-18,O+,48,3,1,0
2024-01-19,O+,35,4,1,0
2024-01-20,O+,34,5,1,1
2024-01-21,O+,28,6,1,1
2024-01-22,O+,40,0,1,0
2024-01-23,O+,39,1,1,0
2024-01-24,O+,40,2,1,0
2024-01-25,O+,49,3,1,0
2024-01-26,O+,41,4,1,0
2024-01-27,O+,27,5,1,1
2024-01-28,O+,31,6,1,1
2024-01-29,O+,27,0,1,0
2024-01-30,O+,36,1,1,0
2024-01-31,O+,50,2,1,0
2024-02-01,O+,37,3,2,0
2024-02-02,O+,34,4,2,0
2024-02-03,O+,29,5,2,1
2024-02-04,O+,33,6,2,1
2024-02-05,O+,47,0,2,0
2024-02-06,O+,34,1,2,0
2024-02-07,O+,35,2,2,0
2024-02-08,O+,36,3,2,0
2024-02-09,O+,45,4,2,0
2024-02-10,O+,28,5,2,1
2024-02-11,O+,43,6,2,1
2024-02-12,O+,36,0,2,0
2024-02-13,O+,50,1,2,0
2024-02-14,O+,31,2,2,0
2024-02-15,O+,28,3,2,0
2024-02-16,O+,37,4,2,0
2024-02-17,O+,36,5,2,1
2024-02-18,O+,25,6,2,1
2024-02-19,O+,33,0,2,0
2024-02-20,O+,45,1,2,0
2024-02-21,O+,42,2,2,0
2024-02-22,O+,32,3,2,0
2024-02-23,O+,32,4,2,0
2024-02-24,O+,34,5,2,1
2024-02-25,O+,17,6,2,1
2024-02-26,O+,45,0,2,0
2024-02-27,O+,42,1,2,0
2024-02-28,O+,22,2,2,0
2024-02-29,O+,38,3,2,0
2024-03-01,O+,32,4,3,0
2024-03-02,O+,25,5,3,1
2024-03-03,O+,30,6,3,1
2024-03-04,O+,36,0,3,0
2024-03-05,O+,60,1,3,0
2024-03-06,O+,51,2,3,0
2024-03-07,O+,54,3,3,0
2024-03-08,O+,44,4,3,0
2024-03-09,O+,34,5,3,1
2024-03-10,O+,45,6,3,1
2024-03-11,O+,48,0,3,0
2024-03-12,O+,49,1,3,0
2024-03-13,O+,39,2,3,0
2024-03-14,O+,39,3,3,0
2024-03-15,O+,47,4,3,0
2024-03-16,O+,36,5,3,1
2024-03-17,O+,27,6,3,1
2024-03-18,O+,48,0,3,0
2024-03-19,O+,37,1,3,0
2024-03-20,O+,45,2,3,0
2024-03-21,O+,35,3,3,0
2024-03-22,O+,54,4,3,0
2024-03-23,O+,32,5,3,1
2024-03-24,O+,29,6,3,1
2024-03-25,O+,37,0,3,0
2024-03-26,O+,37,1,3,0
2024-03-27,O+,48,2,3,0
2024-03-28,O+,52,3,3,0
2024-03-29,O+,51,4,3,0
2024-03-30,O+,43,5,3,1
2024-03-31,O+,46,6,3,1
2024-04-01,O+,52,0,4,0
2024-04-02,O+,42,1,4,0
2024-04-03,O+,46,2,4,0
2024-04-04,O+,30,3,4,0
2024-04-05,O+,49,4,4,0
2024-04-06,O+,35,5,4,1
2024-04-07,O+,45,6,4,1
2024-04-08,O+,40,0,4,0
2024-04-09,O+,49,1,4,0
2024-04-10,O+,38,2,4,0
2024-04-11,O+,44,3,4,0
2024-04-12,O+,34,4,4,0
2024-04-13,O+,43,5,4,1
2024-04-14,O+,41,6,4,1
2024-04-15,O+,42,0,4,0
2024-04-16,O+,47,1,4,0
2024-04-17,O+,45,2,4,0
2024-04-18,O+,41,3,4,0
2024-04-19,O+,46,4,4,0
2024-04-20,O+,31,5,4,1
2024-04-21,O+,40,6,4,1
2024-04-22,O+,44,0,4,0
2024-04-23,O+,61,1,4,0
2024-04-24,O+,45,2,4,0
2024-04-25,O+,46,3,4,0
2024-04-26,O+,49,4,4,0
2024-04-27,O+,39,5,4,1
2024-04-28,O+,34,6,4,1
2024-04-29,O+,49,0,4,0
2024-04-30,O+,46,1,4,0
2024-05-01,O+,32,2,5,0
2024-05-02,O+,30,3,5,0
2024-05-03,O+,42,4,5,0
2024-05-04,O+,38,5,5,1
2024-05-05,O+,17,6,5,1
2024-05-06,O+,28,0,5,0
2024-05-07,O+,28,1,5,0
2024-05-08,O+,43,2,5,0
2024-05-09,O+,43,3,5,0
2024-05-10,O+,31,4,5,0
2024-05-11,O+,43,5,5,1
2024-05-12,O+,25,6,5,1
2024-05-13,O+,47,0,5,0
2024-05-14,O+,43,1,5,0
2024-05-15,O+,31,2,5,0
2024-05-16,O+,35,3,5,0
2024-05-17,O+,32,4,5,0
2024-05-18,O+,19,5,5,1
2024-05-19,O+,26,6,5,1
2024-05-20,O+,29,0,5,0
2024-05-21,O+,36,1,5,0
2024-05-22,O+,51,2,5,0
2024-05-23,O+,42,3,5,0
2024-05-24,O+,34,4,5,0
2024-05-25,O+,24,5,5,1
2024-05-26,O+,25,6,5,1
2024-05-27,O+,52,0,5,0
2024-05-28,O+,30,1,5,0
2024-05-29,O+,37,2,5,0
2024-05-30,O+,41,3,5,0
2024-05-31,O+,46,4,5,0
2024-06-01,O+,26,5,6,1
2024-06-02,O+,21,6,6,1
2024-06-03,O+,39,0,6,0
2024-06-04,O+,46,1,6,0
2024-06-05,O+,36,2,6,0
2024-06-06,O+,32,3,6,0
2024-06-07,O+,38,4,6,0
2024-06-08,O+,17,5,6,1
2024-06-09,O+,27,6,6,1
2024-06-10,O+,46,0,6,0
2024-06-11,O+,43,1,6,0
2024-06-12,O+,37,2,6,0
2024-06-13,O+,49,3,6,0
2024-06-14,O+,51,4,6,0
2024-06-15,O+,33,5,6,1
2024-06-16,O+,18,6,6,1
2024-06-17,O+,25,0,6,0
2024-06-18,O+,47,1,6,0
2024-06-19,O+,39,2,6,0
2024-06-20,O+,49,3,6,0
2024-06-21,O+,28,4,6,0
2024-06-22,O+,27,5,6,1
2024-06-23,O+,35,6,6,1
2024-06-24,O+,33,0,6,0
2024-06-25,O+,44,1,6,0
2024-06-26,O+,37,2,6,0
2024-06-27,O+,38,3,6,0
2024-06-28,O+,29,4,6,0
2024-06-29,O+,30,5,6,1
2024-06-30,O+,43,6,6,1
2024-07-01,O+,40,0,7,0
2024-07-02,O+,32,1,7,0
2024-07-03,O+,47,2,7,0
2024-07-04,O+,32,3,7,0
2024-07-05,O+,49,4,7,0
2024-07-06,O+,19,5,7,1
2024-07-07,O+,30,6,7,1
2024-07-08,O+,48,0,7,0
2024-07-09,O+,32,1,7,0
2024-07-10,O+,38,2,7,0
2024-07-11,O+,45,3,7,0
2024-07-12,O+,22,4,7,0
2024-07-13,O+,34,5,7,1
2024-07-14,O+,27,6,7,1
2024-07-15,O+,47,0,7,0
2024-07-16,O+,32,1,7,0
2024-07-17,O+,28,2,7,0
2024-07-18,O+,34,3,7,0
2024-07-19,O+,34,4,7,0
2024-07-20,O+,27,5,7,1
2024-07-21,O+,25,6,7,1
2024-07-22,O+,24,0,7,0
2024-07-23,O+,37,1,7,0
2024-07-24,O+,39,2,7,0
2024-07-25,O+,36,3,7,0
2024-07-26,O+,39,4,7,0
2024-07-27,O+,29,5,7,1
2024-07-28,O+,19,6,7,1
2024-07-29,O+,35,0,7,0
2024-07-30,O+,38,1,7,0
2024-07-31,O+,36,2,7,0
2024-08-01,O+,27,3,8,0
2024-08-02,O+,46,4,8,0
2024-08-03,O+,21,5,8,1
2024-08-04,O+,20,6,8,1
2024-08-05,O+,38,0,8,0
2024-08-06,O+,35,1,8,0
2024-08-07,O+,42,2,8,0
2024-08-08,O+,43,3,8,0
2024-08-09,O+,42,4,8,0
2024-08-10,O+,28,5,8,1
2024-08-11,O+,32,6,8,1
2024-08-12,O+,27,0,8,0
2024-08-13,O+,45,1,8,0
2024-08-14,O+,35,2,8,0
2024-08-15,O+,51,3,8,0
2024-08-16,O+,45,4,8,0
2024-08-17,O+,27,5,8,1
2024-08-18,O+,28,6,8,1
2024-08-19,O+,46,0,8,0
2024-08-20,O+,22,1,8,0
2024-08-21,O+,36,2,8,0
2024-08-22,O+,49,3,8,0
2024-08-23,O+,43,4,8,0
2024-08-24,O+,22,5,8,1
2024-08-25,O+,30,6,8,1
2024-08-26,O+,31,0,8,0
2024-08-27,O+,35,1,8,0
2024-08-28,O+,40,2,8,0
2024-08-29,O+,41,3,8,0
2024-08-30,O+,42,4,8,0
2024-08-31,O+,36,5,8,1
2024-09-01,O+,20,6,9,1
2024-09-02,O+,38,0,9,0
2024-09-03,O+,32,1,9,0
2024-09-04,O+,35,2,9,0
2024-09-05,O+,32,3,9,0
2024-09-06,O+,41,4,9,0
2024-09-07,O+,35,5,9,1
2024-09-08,O+,36,6,9,1
2024-09-09,O+,30,0,9,0
2024-09-10,O+,37,1,9,0
2024-09-11,O+,30,2,9,0
2024-09-12,O+,30,3,9,0
2024-09-13,O+,33,4,9,0
2024-09-14,O+,30,5,9,1
2024-09-15,O+,32,6,9,1
2024-09-16,O+,42,0,9,0
2024-09-17,O+,42,1,9,0
2024-09-18,O+,32,2,9,0
2024-09-19,O+,46,3,9,0
2024-09-20,O+,43,4,9,0
2024-09-21,O+,25,5,9,1
2024-09-22,O+,25,6,9,1
2024-09-23,O+,33,0,9,0
2024-09-24,O+,29,1,9,0
2024-09-25,O+,42,2,9,0
2024-09-26,O+,43,3,9,0
2024-09-27,O+,31,4,9,0
2024-09-28,O+,20,5,9,1
2024-09-29,O+,22,6,9,1
2024-09-30,O+,38,0,9,0
2024-10-01,O+,28,1,10,0
2024-10-02,O+,45,2,10,0
2024-10-03,O+,45,3,10,0
2024-10-04,O+,40,4,10,0
2024-10-05,O+,34,5,10,1
2024-10-06,O+,28,6,10,1
2024-10-07,O+,41,0,10,0
2024-10-08,O+,29,1,10,0
2024-10-09,O+,47,2,10,0
2024-10-10,O+,34,3,10,0
2024-10-11,O+,37,4,10,0
2024-10-12,O+,45,5,10,1
2024-10-13,O+,26,6,10,1
2024-10-14,O+,43,0,10,0
2024-10-15,O+,41,1,10,0
2024-10-16,O+,28,2,10,0
2024-10-17,O+,31,3,10,0
2024-10-18,O+,51,4,10,0
2024-10-19,O+,32,5,10,1
2024-10-20,O+,28,6,10,1
2024-10-21,O+,34,0,10,0
2024-10-22,O+,40,1,10,0
2024-10-23,O+,40,2,10,0
2024-10-24,O+,39,3,10,0
2024-10-25,O+,45,4,10,0
2024-10-26,O+,22,5,10,1
2024-10-27,O+,21,6,10,1
2024-10-28,O+,45,0,10,0
2024-10-29,O+,52,1,10,0
2024-10-30,O+,43,2,10,0
2024-10-31,O+,46,3,10,0
2024-11-01,O+,37,4,11,0
2024-11-02,O+,30,5,11,1
2024-11-03,O+,30,6,11,1
2024-11-04,O+,37,0,11,0
2024-11-05,O+,47,1,11,0
2024-11-06,O+,45,2,11,0
2024-11-07,O+,35,3,11,0
2024-11-08,O+,26,4,11,0
2024-11-09,O+,28,5,11,1
2024-11-10,O+,20,6,11,1
2024-11-11,O+,38,0,11,0
2024-11-12,O+,30,1,11,0
2024-11-13,O+,46,2,11,0
2024-11-14,O+,42,3,11,0
2024-11-15,O+,42,4,11,0
2024-11-16,O+,35,5,11,1
2024-11-17,O+,31,6,11,1
2024-11-18,O+,41,0,11,0
2024-11-19,O+,47,1,11,0
2024-11-20,O+,37,2,11,0
2024-11-21,O+,42,3,11,0
2024-11-22,O+,30,4,11,0
2024-11-23,O+,29,5,11,1
2024-11-24,O+,43,6,11,1
2024-11-25,O+,43,0,11,0
2024-11-26,O+,37,1,11,0
2024-11-27,O+,39,2,11,0
2024-11-28,O+,37,3,11,0
2024-11-29,O+,39,4,11,0
2024-11-30,O+,25,5,11,1
2024-12-01,O+,34,6,12,1
2024-12-02,O+,45,0,12,0
2024-12-03,O+,41,1,12,0
2024-12-04,O+,42,2,12,0
2024-12-05,O+,44,3,12,0
2024-12-06,O+,38,4,12,0
2024-12-07,O+,34,5,12,1
2024-12-08,O+,36,6,12,1
2024-12-09,O+,51,0,12,0
2024-12-10,O+,43,1,12,0
2024-12-11,O+,37,2,12,0
2024-12-12,O+,41,3,12,0
2024-12-13,O+,33,4,12,0
2024-12-14,O+,36,5,12,1
2024-12-15,O+,17,6,12,1
2024-12-16,O+,48,0,12,0
2024-12-17,O+,49,1,12,0
2024-12-18,O+,21,2,12,0
2024-12-19,O+,50,3,12,0
2024-12-20,O+,48,4,12,0
2024-12-21,O+,29,5,12,1
2024-12-22,O+,23,6,12,1
2024-12-23,O+,36,0,12,0
2024-12-24,O+,36,1,12,0
2024-12-25,O+,50,2,12,0
2024-12-26,O+,38,3,12,0
2024-12-27,O+,47,4,12,0
2024-12-28,O+,30,5,12,1
2024-12-29,O+,31,6,12,1
2024-12-30,O+,31,0,12,0
2024-12-31,O+,33,1,12,0
2025-01-01,O+,50,2,1,0
2025-01-02,O+,40,3,1,0
2025-01-03,O+,43,4,1,0
2025-01-04,O+,43,5,1,1
2025-01-05,O+,30,6,1,1
2025-01-06,O+,40,0,1,0
2025-01-07,O+,50,1,1,0
2025-01-08,O+,41,2,1,0
2025-01-09,O+,43,3,1,0
2025-01-10,O+,48,4,1,0
2025-01-11,O+,31,5,1,1
2025-01-12,O+,36,6,1,1
2025-01-13,O+,41,0,1,0
2025-01-14,O+,48,1,1,0
2025-01-15,O+,44,2,1,0
2025-01-16,O+,40,3,1,0
2025-01-17,O+,42,4,1,0
2025-01-18,O+,14,5,1,1
2025-01-19,O+,39,6,1,1
2025-01-20,O+,33,0,1,0
2025-01-21,O+,34,1,1,0
2025-01-22,O+,38,2,1,0
2025-01-23,O+,29,3,1,0
2025-01-24,O+,44,4,1,0
2025-01-25,O+,33,5,1,1
2025-01-26,O+,28,6,1,1
2025-01-27,O+,37,0,1,0
2025-01-28,O+,37,1,1,0
2025-01-29,O+,46,2,1,0
2025-01-30,O+,30,3,1,0
2025-01-31,O+,39,4,1,0
2025-02-01,O+,18,5,2,1
2025-02-02,O+,33,6,2,1
2025-02-03,O+,35,0,2,0
2025-02-04,O+,41,1,2,0
2025-02-05,O+,46,2,2,0
2025-02-06,O+,46,3,2,0
2025-02-07,O+,31,4,2,0
2025-02-08,O+,30,5,2,1
2025-02-09,O+,36,6,2,1
2025-02-10,O+,42,0,2,0
2025-02-11,O+,43,1,2,0
2025-02-12,O+,25,2,2,0
2025-02-13,O+,42,3,2,0
2025-02-14,O+,32,4,2,0
2025-02-15,O+,33,5,2,1
2025-02-16,O+,32,6,2,1
2025-02-17,O+,42,0,2,0
2025-02-18,O+,37,1,2,0
2025-02-19,O+,47,2,2,0
2025-02-20,O+,41,3,2,0
2025-02-21,O+,40,4,2,0
2025-02-22,O+,22,5,2,1
2025-02-23,O+,31,6,2,1
2025-02-24,O+,51,0,2,0
2025-02-25,O+,28,1,2,0
2025-02-26,O+,42,2,2,0
2025-02-27,O+,43,3,2,0
2025-02-28,O+,49,4,2,0
2025-03-01,O+,39,5,3,1
2025-03-02,O+,34,6,3,1
2025-03-03,O+,48,0,3,0
2025-03-04,O+,43,1,3,0
2025-03-05,O+,53,2,3,0
2025-03-06,O+,35,3,3,0
2025-03-07,O+,42,4,3,0
2025-03-08,O+,37,5,3,1
2025-03-09,O+,42,6,3,1
2025-03-10,O+,45,0,3,0
2025-03-11,O+,40,1,3,0
2025-03-12,O+,44,2,3,0
2025-03-13,O+,43,3,3,0
2025-03-14,O+,43,4,3,0
2025-03-15,O+,31,5,3,1
2025-03-16,O+,31,6,3,1
2025-03-17,O+,33,0,3,0
2025-03-18,O+,47,1,3,0
2025-03-19,O+,50,2,3,0
2025-03-20,O+,55,3,3,0
2025-03-21,O+,51,4,3,0
2025-03-22,O+,39,5,3,1
2025-03-23,O+,36,6,3,1
2025-03-24,O+,33,0,3,0
2025-03-25,O+,47,1,3,0
2025-03-26,O+,46,2,3,0
2025-03-27,O+,52,3,3,0
2025-03-28,O+,49,4,3,0
2025-03-29,O+,33,5,3,1
2025-03-30,O+,47,6,3,1
2025-03-31,O+,51,0,3,0
2025-04-01,O+,47,1,4,0
2025-04-02,O+,48,2,4,0
2025-04-03,O+,46,3,4,0
2025-04-04,O+,45,4,4,0
2025-04-05,O+,19,5,4,1
2025-04-06,O+,27,6,4,1
2025-04-07,O+,41,0,4,0
2025-04-08,O+,48,1,4,0
2025-04-09,O+,34,2,4,0
2025-04-10,O+,42,3,4,0
2025-04-11,O+,41,4,4,0
2025-04-12,O+,34,5,4,1
2025-04-13,O+,37,6,4,1
2025-04-14,O+,41,0,4,0
2025-04-15,O+,41,1,4,0
2025-04-16,O+,40,2,4,0
2025-04-17,O+,42,3,4,0
2025-04-18,O+,45,4,4,0
2025-04-19,O+,43,5,4,1
2025-04-20,O+,27,6,4,1
2025-04-21,O+,57,0,4,0
2025-04-22,O+,37,1,4,0
2025-04-23,O+,52,2,4,0
2025-04-24,O+,42,3,4,0
2025-04-25,O+,39,4,4,0
2025-04-26,O+,43,5,4,1
2025-04-27,O+,34,6,4,1
2025-04-28,O+,45,0,4,0
2025-04-29,O+,43,1,4,0
2025-04-30,O+,41,2,4,0
2025-05-01,O+,36,3,5,0
2025-05-02,O+,15,4,5,0
2025-05-03,O+,15,5,5,1
2025-05-04,O+,31,6,5,1
2025-05-05,O+,46,0,5,0
2025-05-06,O+,47,1,5,0
2025-05-07,O+,31,2,5,0
2025-05-08,O+,39,3,5,0
2025-05-09,O+,22,4,5,0
2025-05-10,O+,26,5,5,1
2025-05-11,O+,34,6,5,1
2025-05-12,O+,37,0,5,0
2025-05-13,O+,35,1,5,0
2025-05-14,O+,37,2,5,0
2025-05-15,O+,46,3,5,0
2025-05-16,O+,36,4,5,0
2025-05-17,O+,28,5,5,1
2025-05-18,O+,38,6,5,1
2025-05-19,O+,36,0,5,0
2025-05-20,O+,26,1,5,0
2025-05-21,O+,47,2,5,0
2025-05-22,O+,44,3,5,0
2025-05-23,O+,22,4,5,0
2025-05-24,O+,27,5,5,1
2025-05-25,O+,28,6,5,1
2025-05-26,O+,47,0,5,0
2025-05-27,O+,37,1,5,0
2025-05-28,O+,39,2,5,0
2025-05-29,O+,39,3,5,0
2025-05-30,O+,34,4,5,0
2025-05-31,O+,37,5,5,1
2025-06-01,O+,23,6,6,1
2025-06-02,O+,34,0,6,0
2025-06-03,O+,37,1,6,0
2025-06-04,O+,28,2,6,0
2025-06-05,O+,50,3,6,0
2025-06-06,O+,37,4,6,0
2025-06-07,O+,34,5,6,1
2025-06-08,O+,21,6,6,1
2025-06-09,O+,42,0,6,0
2025-06-10,O+,43,1,6,0
2025-06-11,O+,44,2,6,0
2025-06-12,O+,51,3,6,0
2025-06-13,O+,34,4,6,0
2025-06-14,O+,27,5,6,1
2025-06-15,O+,22,6,6,1
2025-06-16,O+,37,0,6,0
2025-06-17,O+,42,1,6,0
2025-06-18,O+,42,2,6,0
2025-06-19,O+,49,3,6,0
2025-06-20,O+,41,4,6,0
2025-06-21,O+,28,5,6,1
2025-06-22,O+,21,6,6,1
2025-06-23,O+,43,0,6,0
2024-01-01,O-,8,0,1,0
2024-01-02,O-,10,1,1,0
2024-01-03,O-,8,2,1,0
2024-01-04,O-,10,3,1,0
2024-01-05,O-,9,4,1,0
2024-01-06,O-,8,5,1,1
2024-01-07,O-,7,6,1,1
2024-01-08,O-,7,0,1,0
2024-01-09,O-,8,1,1,0
2024-01-10,O-,6,2,1,0
2024-01-11,O-,9,3,1,0
2024-01-12,O-,6,4,1,0
2024-01-13,O-,7,5,1,1
2024-01-14,O-,1,6,1,1
2024-01-15,O-,9,0,1,0
2024-01-16,O-,7,1,1,0
2024-01-17,O-,7,2,1,0
2024-01-18,O-,10,3,1,0
2024-01-19,O-,9,4,1,0
2024-01-20,O-,7,5,1,1
2024-01-21,O-,5,6,1,1
2024-01-22,O-,10,0,1,0
2024-01-23,O-,8,1,1,0
2024-01-24,O-,8,2,1,0
2024-01-25,O-,10,3,1,0
2024-01-26,O-,7,4,1,0
2024-01-27,O-,7,5,1,1
2024-01-28,O-,7,6,1,1
2024-01-29,O-,8,0,1,0
2024-01-30,O-,7,1,1,0
2024-01-31,O-,8,2,1,0
2024-02-01,O-,6,3,2,0
2024-02-02,O-,9,4,2,0
2024-02-03,O-,6,5,2,1
2024-02-04,O-,5,6,2,1
2024-02-05,O-,5,0,2,0
2024-02-06,O-,7,1,2,0
2024-02-07,O-,9,2,2,0
2024-02-08,O-,8,3,2,0
2024-02-09,O-,7,4,2,0
2024-02-10,O-,8,5,2,1
2024-02-11,O-,5,6,2,1
2024-02-12,O-,6,0,2,0
2024-02-13,O-,8,1,2,0
2024-02-14,O-,8,2,2,0
2024-02-15,O-,7,3,2,0
2024-02-16,O-,6,4,2,0
2024-02-17,O-,8,5,2,1
2024-02-18,O-,5,6,2,1
2024-02-19,O-,5,0,2,0
2024-02-20,O-,8,1,2,0
2024-02-21,O-,9,2,2,0
2024-02-22,O-,7,3,2,0
2024-02-23,O-,8,4,2,0
2024-02-24,O-,4,5,2,1
2024-02-25,O-,6,6,2,1
2024-02-26,O-,6,0,2,0
2024-02-27,O-,8,1,2,0
2024-02-28,O-,9,2,2,0
2024-02-29,O-,8,3,2,0
2024-03-01,O-,7,4,3,0
2024-03-02,O-,5,5,3,1
2024-03-03,O-,9,6,3,1
2024-03-04,O-,8,0,3,0
2024-03-05,O-,10,1,3,0
2024-03-06,O-,9,2,3,0
2024-03-07,O-,8,3,3,0
2024-03-08,O-,8,4,3,0
2024-03-09,O-,9,5,3,1
2024-03-10,O-,12,6,3,1
2024-03-11,O-,9,0,3,0
2024-03-12,O-,9,1,3,0
2024-03-13,O-,7,2,3,0
2024-03-14,O-,7,3,3,0
2024-03-15,O-,8,4,3,0
2024-03-16,O-,6,5,3,1
2024-03-17,O-,7,6,3,1
2024-03-18,O-,10,0,3,0
2024-03-19,O-,9,1,3,0
2024-03-20,O-,10,2,3,0
2024-03-21,O-,8,3,3,0
2024-03-22,O-,9,4,3,0
2024-03-23,O-,6,5,3,1
2024-03-24,O-,5,6,3,1
2024-03-25,O-,6,0,3,0
2024-03-26,O-,8,1,3,0
2024-03-27,O-,6,2,3,0
2024-03-28,O-,7,3,3,0
2024-03-29,O-,10,4,3,0
2024-03-30,O-,7,5,3,1
2024-03-31,O-,7,6,3,1
2024-04-01,O-,11,0,4,0
2024-04-02,O-,8,1,4,0
2024-04-03,O-,10,2,4,0
2024-04-04,O-,8,3,4,0
2024-04-05,O-,9,4,4,0
2024-04-06,O-,7,5,4,1
2024-04-07,O-,7,6,4,1
2024-04-08,O-,9,0,4,0
2024-04-09,O-,10,1,4,0
2024-04-10,O-,10,2,4,0
2024-04-11,O-,7,3,4,0
2024-04-12,O-,10,4,4,0
2024-04-13,O-,5,5,4,1
2024-04-14,O-,5,6,4,1
2024-04-15,O-,9,0,4,0
2024-04-16,O-,10,1,4,0
2024-04-17,O-,9,2,4,0
2024-04-18,O-,10,3,4,0
2024-04-19,O-,7,4,4,0
2024-04-20,O-,6,5,4,1
2024-04-21,O-,4,6,4,1
2024-04-22,O-,8,0,4,0
2024-04-23,O-,7,1,4,0
2024-04-24,O-,9,2,4,0
2024-04-25,O-,12,3,4,0
2024-04-26,O-,10,4,4,0
2024-04-27,O-,3,5,4,1
2024-04-28,O-,5,6,4,1
2024-04-29,O-,7,0,4,0
2024-04-30,O-,7,1,4,0
2024-05-01,O-,7,2,5,0
2024-05-02,O-,8,3,5,0
2024-05-03,O-,6,4,5,0
2024-05-04,O-,5,5,5,1
2024-05-05,O-,6,6,5,1
2024-05-06,O-,9,0,5,0
2024-05-07,O-,8,1,5,0
2024-05-08,O-,8,2,5,0
2024-05-09,O-,7,3,5,0
2024-05-10,O-,6,4,5,0
2024-05-11,O-,4,5,5,1
2024-05-12,O-,4,6,5,1
2024-05-13,O-,10,0,5,0
2024-05-14,O-,5,1,5,0
2024-05-15,O-,9,2,5,0
2024-05-16,O-,5,3,5,0
2024-05-17,O-,9,4,5,0
2024-05-18,O-,7,5,5,1
2024-05-19,O-,7,6,5,1
2024-05-20,O-,6,0,5,0
2024-05-21,O-,8,1,5,0
2024-05-22,O-,7,2,5,0
2024-05-23,O-,6,3,5,0
2024-05-24,O-,8,4,5,0
2024-05-25,O-,7,5,5,1
2024-05-26,O-,5,6,5,1
2024-05-27,O-,8,0,5,0
2024-05-28,O-,6,1,5,0
2024-05-29,O-,6,2,5,0
2024-05-30,O-,7,3,5,0
2024-05-31,O-,7,4,5,0
2024-06-01,O-,6,5,6,1
2024-06-02,O-,4,6,6,1
2024-06-03,O-,11,0,6,0
2024-06-04,O-,5,1,6,0
2024-06-05,O-,8,2,6,0
2024-06-06,O-,7,3,6,0
2024-06-07,O-,7,4,6,0
2024-06-08,O-,5,5,6,1
2024-06-09,O-,6,6,6,1
2024-06-10,O-,9,0,6,0
2024-06-11,O-,7,1,6,0
2024-06-12,O-,8,2,6,0
2024-06-13,O-,6,3,6,0
2024-06-14,O-,7,4,6,0
2024-06-15,O-,6,5,6,1
2024-06-16,O-,2,6,6,1
2024-06-17,O-,8,0,6,0
2024-06-18,O-,7,1,6,0
2024-06-19,O-,9,2,6,0
2024-06-20,O-,8,3,6,0
2024-06-21,O-,8,4,6,0
2024-06-22,O-,5,5,6,1
2024-06-23,O-,6,6,6,1
2024-06-24,O-,8,0,6,0
2024-06-25,O-,6,1,6,0
2024-06-26,O-,8,2,6,0
2024-06-27,O-,9,3,6,0
2024-06-28,O-,9,4,6,0
2024-06-29,O-,6,5,6,1
2024-06-30,O-,6,6,6,1
2024-07-01,O-,9,0,7,0
2024-07-02,O-,6,1,7,0
2024-07-03,O-,8,2,7,0
2024-07-04,O-,5,3,7,0
2024-07-05,O-,9,4,7,0
2024-07-06,O-,5,5,7,1
2024-07-07,O-,5,6,7,1
2024-07-08,O-,7,0,7,0
2024-07-09,O-,7,1,7,0
2024-07-10,O-,8,2,7,0
2024-07-11,O-,9,3,7,0
2024-07-12,O-,9,4,7,0
2024-07-13,O-,6,5,7,1
2024-07-14,O-,3,6,7,1
2024-07-15,O-,9,0,7,0
2024-07-16,O-,5,1,7,0
2024-07-17,O-,7,2,7,0
2024-07-18,O-,7,3,7,0
2024-07-19,O-,8,4,7,0
2024-07-20,O-,4,5,7,1
2024-07-21,O-,4,6,7,1
2024-07-22,O-,7,0,7,0
2024-07-23,O-,6,1,7,0
2024-07-24,O-,9,2,7,0
2024-07-25,O-,7,3,7,0
2024-07-26,O-,6,4,7,0
2024-07-27,O-,8,5,7,1
2024-07-28,O-,6,6,7,1
2024-07-29,O-,11,0,7,0
2024-07-30,O-,5,1,7,0
2024-07-31,O-,8,2,7,0
2024-08-01,O-,8,3,8,0
2024-08-02,O-,8,4,8,0
2024-08-03,O-,5,5,8,1
2024-08-04,O-,7,6,8,1
2024-08-05,O-,8,0,8,0
2024-08-06,O-,5,1,8,0
2024-08-07,O-,6,2,8,0
2024-08-08,O-,6,3,8,0
2024-08-09,O-,7,4,8,0
2024-08-10,O-,7,5,8,1
2024-08-11,O-,5,6,8,1
2024-08-12,O-,7,0,8,0
2024-08-13,O-,6,1,8,0
2024-08-14,O-,9,2,8,0
2024-08-15,O-,9,3,8,0
2024-08-16,O-,7,4,8,0
2024-08-17,O-,8,5,8,1
2024-08-18,O-,5,6,8,1
2024-08-19,O-,5,0,8,0
2024-08-20,O-,9,1,8,0
2024-08-21,O-,7,2,8,0
2024-08-22,O-,7,3,8,0
2024-08-23,O-,8,4,8,0
2024-08-24,O-,3,5,8,1
2024-08-25,O-,3,6,8,1
2024-08-26,O-,8,0,8,0
2024-08-27,O-,8,1,8,0
2024-08-28,O-,10,2,8,0
2024-08-29,O-,9,3,8,0
2024-08-30,O-,8,4,8,0
2024-08-31,O-,7,5,8,1
2024-09-01,O-,6,6,9,1
2024-09-02,O-,7,0,9,0
2024-09-03,O-,9,1,9,0
2024-09-04,O-,9,2,9,0
2024-09-05,O-,7,3,9,0
2024-09-06,O-,6,4,9,0
2024-09-07,O-,3,5,9,1
2024-09-08,O-,7,6,9,1
2024-09-09,O-,8,0,9,0
2024-09-10,O-,8,1,9,0
2024-09-11,O-,9,2,9,0
2024-09-12,O-,6,3,9,0
2024-09-13,O-,5,4,9,0
2024-09-14,O-,6,5,9,1
2024-09-15,O-,7,6,9,1
2024-09-16,O-,8,0,9,0
2024-09-17,O-,5,1,9,0
2024-09-18,O-,8,2,9,0
2024-09-19,O-,6,3,9,0
2024-09-20,O-,5,4,9,0
2024-09-21,O-,5,5,9,1
2024-09-22,O-,6,6,9,1
2024-09-23,O-,7,0,9,0
2024-09-24,O-,8,1,9,0
2024-09-25,O-,6,2,9,0
2024-09-26,O-,8,3,9,0
2024-09-27,O-,7,4,9,0
2024-09-28,O-,5,5,9,1
2024-09-29,O-,6,6,9,1
2024-09-30,O-,9,0,9,0
2024-10-01,O-,8,1,10,0
2024-10-02,O-,8,2,10,0
2024-10-03,O-,8,3,10,0
2024-10-04,O-,8,4,10,0
2024-10-05,O-,7,5,10,1
2024-10-06,O-,8,6,10,1
2024-10-07,O-,9,0,10,0
2024-10-08,O-,7,1,10,0
2024-10-09,O-,9,2,10,0
2024-10-10,O-,8,3,10,0
2024-10-11,O-,7,4,10,0
2024-10-12,O-,6,5,10,1
2024-10-13,O-,4,6,10,1
2024-10-14,O-,8,0,10,0
2024-10-15,O-,10,1,10,0
2024-10-16,O-,9,2,10,0
2024-10-17,O-,9,3,10,0
2024-10-18,O-,7,4,10,0
2024-10-19,O-,6,5,10,1
2024-10-20,O-,7,6,10,1
2024-10-21,O-,7,0,10,0
2024-10-22,O-,8,1,10,0
2024-10-23,O-,8,2,10,0
2024-10-24,O-,9,3,10,0
2024-10-25,O-,6,4,10,0
2024-10-26,O-,7,5,10,1
2024-10-27,O-,6,6,10,1
2024-10-28,O-,7,0,10,0
2024-10-29,O-,7,1,10,0
2024-10-30,O-,7,2,10,0
2024-10-31,O-,6,3,10,0
2024-11-01,O-,9,4,11,0
2024-11-02,O-,7,5,11,1
2024-11-03,O-,7,6,11,1
2024-11-04,O-,10,0,11,0
2024-11-05,O-,8,1,11,0
2024-11-06,O-,5,2,11,0
2024-11-07,O-,8,3,11,0
2024-11-08,O-,8,4,11,0
2024-11-09,O-,8,5,11,1
2024-11-10,O-,7,6,11,1
2024-11-11,O-,8,0,11,0
2024-11-12,O-,7,1,11,0
2024-11-13,O-,9,2,11,0
2024-11-14,O-,4,3,11,0
2024-11-15,O-,8,4,11,0
2024-11-16,O-,7,5,11,1
2024-11-17,O-,5,6,11,1
2024-11-18,O-,7,0,11,0
2024-11-19,O-,8,1,11,0
2024-11-20,O-,9,2,11,0
2024-11-21,O-,8,3,11,0
2024-11-22,O-,7,4,11,0
2024-11-23,O-,7,5,11,1
2024-11-24,O-,8,6,11,1
2024-11-25,O-,6,0,11,0
2024-11-26,O-,12,1,11,0
2024-11-27,O-,7,2,11,0
2024-11-28,O-,9,3,11,0
2024-11-29,O-,9,4,11,0
2024-11-30,O-,4,5,11,1
2024-12-01,O-,5,6,12,1
2024-12-02,O-,8,0,12,0
2024-12-03,O-,6,1,12,0
2024-12-04,O-,9,2,12,0
2024-12-05,O-,6,3,12,0
2024-12-06,O-,8,4,12,0
2024-12-07,O-,5,5,12,1
2024-12-08,O-,7,6,12,1
2024-12-09,O-,5,0,12,0
2024-12-10,O-,6,1,12,0
2024-12-11,O-,7,2,12,0
2024-12-12,O-,9,3,12,0
2024-12-13,O-,9,4,12,0
2024-12-14,O-,8,5,12,1
2024-12-15,O-,6,6,12,1
2024-12-16,O-,8,0,12,0
2024-12-17,O-,7,1,12,0
2024-12-18,O-,8,2,12,0
2024-12-19,O-,8,3,12,0
2024-12-20,O-,5,4,12,0
2024-12-21,O-,5,5,12,1
2024-12-22,O-,7,6,12,1
2024-12-23,O-,9,0,12,0
2024-12-24,O-,8,1,12,0
2024-12-25,O-,7,2,12,0
2024-12-26,O-,6,3,12,0
2024-12-27,O-,5,4,12,0
2024-12-28,O-,6,5,12,1
2024-12-29,O-,8,6,12,1
2024-12-30,O-,8,0,12,0
2024-12-31,O-,10,1,12,0
2025-01-01,O-,7,2,1,0
2025-01-02,O-,9,3,1,0
2025-01-03,O-,7,4,1,0
2025-01-04,O-,5,5,1,1
2025-01-05,O-,7,6,1,1
2025-01-06,O-,8,0,1,0
2025-01-07,O-,6,1,1,0
2025-01-08,O-,8,2,1,0
2025-01-09,O-,7,3,1,0
2025-01-10,O-,6,4,1,0
2025-01-11,O-,5,5,1,1
2025-01-12,O-,9,6,1,1
2025-01-13,O-,10,0,1,0
2025-01-14,O-,5,1,1,0
2025-01-15,O-,8,2,1,0
2025-01-16,O-,8,3,1,0
2025-01-17,O-,8,4,1,0
2025-01-18,O-,5,5,1,1
2025-01-19,O-,7,6,1,1
2025-01-20,O-,10,0,1,0
2025-01-21,O-,10,1,1,0
2025-01-22,O-,9,2,1,0
2025-01-23,O-,9,3,1,0
2025-01-24,O-,8,4,1,0
2025-01-25,O-,4,5,1,1
2025-01-26,O-,4,6,1,1
2025-01-27,O-,7,0,1,0
2025-01-28,O-,8,1,1,0
2025-01-29,O-,6,2,1,0
2025-01-30,O-,7,3,1,0
2025-01-31,O-,8,4,1,0
2025-02-01,O-,7,5,2,1
2025-02-02,O-,6,6,2,1
2025-02-03,O-,6,0,2,0
2025-02-04,O-,8,1,2,0
2025-02-05,O-,6,2,2,0
2025-02-06,O-,6,3,2,0
2025-02-07,O-,5,4,2,0
2025-02-08,O-,6,5,2,1
2025-02-09,O-,5,6,2,1
2025-02-10,O-,7,0,2,0
2025-02-11,O-,9,1,2,0
2025-02-12,O-,6,2,2,0
2025-02-13,O-,8,3,2,0
2025-02-14,O-,10,4,2,0
2025-02-15,O-,4,5,2,1
2025-02-16,O-,3,6,2,1
2025-02-17,O-,6,0,2,0
2025-02-18,O-,8,1,2,0
2025-02-19,O-,10,2,2,0
2025-02-20,O-,10,3,2,0
2025-02-21,O-,9,4,2,0
2025-02-22,O-,7,5,2,1
2025-02-23,O-,6,6,2,1
2025-02-24,O-,9,0,2,0
2025-02-25,O-,8,1,2,0
2025-02-26,O-,6,2,2,0
2025-02-27,O-,10,3,2,0
2025-02-28,O-,9,4,2,0
2025-03-01,O-,6,5,3,1
2025-03-02,O-,8,6,3,1
2025-03-03,O-,11,0,3,0
2025-03-04,O-,10,1,3,0
2025-03-05,O-,9,2,3,0
2025-03-06,O-,11,3,3,0
2025-03-07,O-,9,4,3,0
2025-03-08,O-,6,5,3,1
2025-03-09,O-,5,6,3,1
2025-03-10,O-,5,0,3,0
2025-03-11,O-,12,1,3,0
2025-03-12,O-,8,2,3,0
2025-03-13,O-,10,3,3,0
2025-03-14,O-,8,4,3,0
2025-03-15,O-,7,5,3,1
2025-03-16,O-,7,6,3,1
2025-03-17,O-,7,0,3,0
2025-03-18,O-,10,1,3,0
2025-03-19,O-,9,2,3,0
2025-03-20,O-,10,3,3,0
2025-03-21,O-,11,4,3,0
2025-03-22,O-,8,5,3,1
2025-03-23,O-,7,6,3,1
2025-03-24,O-,12,0,3,0
2025-03-25,O-,9,1,3,0
2025-03-26,O-,9,2,3,0
2025-03-27,O-,9,3,3,0
2025-03-28,O-,7,4,3,0
2025-03-29,O-,5,5,3,1
2025-03-30,O-,6,6,3,1
2025-03-31,O-,8,0,3,0
2025-04-01,O-,9,1,4,0
2025-04-02,O-,10,2,4,0
2025-04-03,O-,9,3,4,0
2025-04-04,O-,9,4,4,0
2025-04-05,O-,6,5,4,1
2025-04-06,O-,10,6,4,1
2025-04-07,O-,11,0,4,0
2025-04-08,O-,9,1,4,0
2025-04-09,O-,9,2,4,0
2025-04-10,O-,7,3,4,0
2025-04-11,O-,9,4,4,0
2025-04-12,O-,6,5,4,1
2025-04-13,O-,8,6,4,1
2025-04-14,O-,8,0,4,0
2025-04-15,O-,11,1,4,0
2025-04-16,O-,9,2,4,0
2025-04-17,O-,8,3,4,0
2025-04-18,O-,9,4,4,0
2025-04-19,O-,8,5,4,1
2025-04-20,O-,7,6,4,1
2025-04-21,O-,9,0,4,0
2025-04-22,O-,10,1,4,0
2025-04-23,O-,10,2,4,0
2025-04-24,O-,10,3,4,0
2025-04-25,O-,9,4,4,0
2025-04-26,O-,6,5,4,1
2025-04-27,O-,6,6,4,1
2025-04-28,O-,8,0,4,0
2025-04-29,O-,9,1,4,0
2025-04-30,O-,9,2,4,0
2025-05-01,O-,10,3,5,0
2025-05-02,O-,7,4,5,0
2025-05-03,O-,4,5,5,1
2025-05-04,O-,6,6,5,1
2025-05-05,O-,8,0,5,0
2025-05-06,O-,7,1,5,0
2025-05-07,O-,9,2,5,0
2025-05-08,O-,7,3,5,0
2025-05-09,O-,10,4,5,0
2025-05-10,O-,4,5,5,1
2025-05-11,O-,5,6,5,1
2025-05-12,O-,8,0,5,0
2025-05-13,O-,9,1,5,0
2025-05-14,O-,6,2,5,0
2025-05-15,O-,8,3,5,0
2025-05-16,O-,6,4,5,0
2025-05-17,O-,7,5,5,1
2025-05-18,O-,5,6,5,1
2025-05-19,O-,8,0,5,0
2025-05-20,O-,8,1,5,0
2025-05-21,O-,5,2,5,0
2025-05-22,O-,8,3,5,0
2025-05-23,O-,7,4,5,0
2025-05-24,O-,6,5,5,1
2025-05-25,O-,4,6,5,1
2025-05-26,O-,7,0,5,0
2025-05-27,O-,9,1,5,0
2025-05-28,O-,9,2,5,0
2025-05-29,O-,6,3,5,0
2025-05-30,O-,10,4,5,0
2025-05-31,O-,2,5,5,1
2025-06-01,O-,6,6,6,1
2025-06-02,O-,6,0,6,0
2025-06-03,O-,8,1,6,0
2025-06-04,O-,7,2,6,0
2025-06-05,O-,6,3,6,0
2025-06-06,O-,6,4,6,0
2025-06-07,O-,4,5,6,1
2025-06-08,O-,6,6,6,1
2025-06-09,O-,9,0,6,0
2025-06-10,O-,10,1,6,0
2025-06-11,O-,7,2,6,0
2025-06-12,O-,8,3,6,0
2025-06-13,O-,9,4,6,0
2025-06-14,O-,5,5,6,1
2025-06-15,O-,4,6,6,1
2025-06-16,O-,10,0,6,0
2025-06-17,O-,7,1,6,0
2025-06-18,O-,8,2,6,0
2025-06-19,O-,5,3,6,0
2025-06-20,O-,7,4,6,0
2025-06-21,O-,8,5,6,1
2025-06-22,O-,6,6,6,1
2025-06-23,O-,7,0,6,0
2024-01-01,AB+,5,0,1,0
2024-01-02,AB+,3,1,1,0
2024-01-03,AB+,4,2,1,0
2024-01-04,AB+,6,3,1,0
2024-01-05,AB+,4,4,1,0
2024-01-06,AB+,3,5,1,1
2024-01-07,AB+,4,6,1,1
2024-01-08,AB+,5,0,1,0
2024-01-09,AB+,3,1,1,0
2024-01-10,AB+,4,2,1,0
2024-01-11,AB+,5,3,1,0
2024-01-12,AB+,3,4,1,0
2024-01-13,AB+,3,5,1,1
2024-01-14,AB+,3,6,1,1
2024-01-15,AB+,4,0,1,0
2024-01-16,AB+,3,1,1,0
2024-01-17,AB+,2,2,1,0
2024-01-18,AB+,4,3,1,0
2024-01-19,AB+,5,4,1,0
2024-01-20,AB+,3,5,1,1
2024-01-21,AB+,2,6,1,1
2024-01-22,AB+,4,0,1,0
2024-01-23,AB+,5,1,1,0
2024-01-24,AB+,3,2,1,0
2024-01-25,AB+,4,3,1,0
2024-01-26,AB+,3,4,1,0
2024-01-27,AB+,2,5,1,1
2024-01-28,AB+,3,6,1,1
2024-01-29,AB+,5,0,1,0
2024-01-30,AB+,5,1,1,0
2024-01-31,AB+,2,2,1,0
2024-02-01,AB+,3,3,2,0
2024-02-02,AB+,4,4,2,0
2024-02-03,AB+,3,5,2,1
2024-02-04,AB+,1,6,2,1
2024-02-05,AB+,3,0,2,0
2024-02-06,AB+,3,1,2,0
2024-02-07,AB+,3,2,2,0
2024-02-08,AB+,2,3,2,0
2024-02-09,AB+,4,4,2,0
2024-02-10,AB+,2,5,2,1
2024-02-11,AB+,2,6,2,1
2024-02-12,AB+,4,0,2,0
2024-02-13,AB+,2,1,2,0
2024-02-14,AB+,3,2,2,0
2024-02-15,AB+,2,3,2,0
2024-02-16,AB+,2,4,2,0
2024-02-17,AB+,2,5,2,1
2024-02-18,AB+,2,6,2,1
2024-02-19,AB+,4,0,2,0
2024-02-20,AB+,3,1,2,0
2024-02-21,AB+,5,2,2,0
2024-02-22,AB+,3,3,2,0
2024-02-23,AB+,1,4,2,0
2024-02-24,AB+,1,5,2,1
2024-02-25,AB+,2,6,2,1
2024-02-26,AB+,6,0,2,0
2024-02-27,AB+,3,1,2,0
2024-02-28,AB+,4,2,2,0
2024-02-29,AB+,4,3,2,0
2024-03-01,AB+,3,4,3,0
2024-03-02,AB+,2,5,3,1
2024-03-03,AB+,4,6,3,1
2024-03-04,AB+,3,0,3,0
2024-03-05,AB+,5,1,3,0
2024-03-06,AB+,4,2,3,0
2024-03-07,AB+,5,3,3,0
2024-03-08,AB+,5,4,3,0
2024-03-09,AB+,3,5,3,1
2024-03-10,AB+,3,6,3,1
2024-03-11,AB+,5,0,3,0
2024-03-12,AB+,4,1,3,0
2024-03-13,AB+,3,2,3,0
2024-03-14,AB+,4,3,3,0
2024-03-15,AB+,6,4,3,0
2024-03-16,AB+,3,5,3,1
2024-03-17,AB+,4,6,3,1
2024-03-18,AB+,4,0,3,0
2024-03-19,AB+,4,1,3,0
2024-03-20,AB+,3,2,3,0
2024-03-21,AB+,3,3,3,0
2024-03-22,AB+,3,4,3,0
2024-03-23,AB+,3,5,3,1
2024-03-24,AB+,3,6,3,1
2024-03-25,AB+,5,0,3,0
2024-03-26,AB+,4,1,3,0
2024-03-27,AB+,3,2,3,0
2024-03-28,AB+,5,3,3,0
2024-03-29,AB+,3,4,3,0
2024-03-30,AB+,3,5,3,1
2024-03-31,AB+,3,6,3,1
2024-04-01,AB+,4,0,4,0
2024-04-02,AB+,3,1,4,0
2024-04-03,AB+,5,2,4,0
2024-04-04,AB+,4,3,4,0
2024-04-05,AB+,4,4,4,0
2024-04-06,AB+,2,5,4,1
2024-04-07,AB+,4,6,4,1
2024-04-08,AB+,4,0,4,0
2024-04-09,AB+,4,1,4,0
2024-04-10,AB+,4,2,4,0
2024-04-11,AB+,7,3,4,0
2024-04-12,AB+,4,4,4,0
2024-04-13,AB+,3,5,4,1
2024-04-14,AB+,4,6,4,1
2024-04-15,AB+,5,0,4,0
2024-04-16,AB+,5,1,4,0
2024-04-17,AB+,4,2,4,0
2024-04-18,AB+,5,3,4,0
2024-04-19,AB+,4,4,4,0
2024-04-20,AB+,3,5,4,1
2024-04-21,AB+,3,6,4,1
2024-04-22,AB+,3,0,4,0
2024-04-23,AB+,5,1,4,0
2024-04-24,AB+,5,2,4,0
2024-04-25,AB+,5,3,4,0
2024-04-26,AB+,4,4,4,0
2024-04-27,AB+,3,5,4,1
2024-04-28,AB+,2,6,4,1
2024-04-29,AB+,4,0,4,0
2024-04-30,AB+,5,1,4,0
2024-05-01,AB+,2,2,5,0
2024-05-02,AB+,4,3,5,0
2024-05-03,AB+,3,4,5,0
2024-05-04,AB+,2,5,5,1
2024-05-05,AB+,3,6,5,1
2024-05-06,AB+,3,0,5,0
2024-05-07,AB+,5,1,5,0
2024-05-08,AB+,4,2,5,0
2024-05-09,AB+,3,3,5,0
2024-05-10,AB+,1,4,5,0
2024-05-11,AB+,3,5,5,1
2024-05-12,AB+,2,6,5,1
2024-05-13,AB+,4,0,5,0
2024-05-14,AB+,4,1,5,0
2024-05-15,AB+,3,2,5,0
2024-05-16,AB+,4,3,5,0
2024-05-17,AB+,4,4,5,0
2024-05-18,AB+,3,5,5,1
2024-05-19,AB+,1,6,5,1
2024-05-20,AB+,4,0,5,0
2024-05-21,AB+,3,1,5,0
2024-05-22,AB+,3,2,5,0
2024-05-23,AB+,3,3,5,0
2024-05-24,AB+,5,4,5,0
2024-05-25,AB+,3,5,5,1
2024-05-26,AB+,3,6,5,1
2024-05-27,AB+,4,0,5,0
2024-05-28,AB+,3,1,5,0
2024-05-29,AB+,2,2,5,0
2024-05-30,AB+,2,3,5,0
2024-05-31,AB+,4,4,5,0
2024-06-01,AB+,3,5,6,1
2024-06-02,AB+,3,6,6,1
2024-06-03,AB+,3,0,6,0
2024-06-04,AB+,4,1,6,0
2024-06-05,AB+,5,2,6,0
2024-06-06,AB+,4,3,6,0
2024-06-07,AB+,5,4,6,0
2024-06-08,AB+,3,5,6,1
2024-06-09,AB+,2,6,6,1
2024-06-10,AB+,3,0,6,0
2024-06-11,AB+,2,1,6,0
2024-06-12,AB+,3,2,6,0
2024-06-13,AB+,3,3,6,0
2024-06-14,AB+,3,4,6,0
2024-06-15,AB+,2,5,6,1
2024-06-16,AB+,1,6,6,1
2024-06-17,AB+,4,0,6,0
2024-06-18,AB+,4,1,6,0
2024-06-19,AB+,4,2,6,0
2024-06-20,AB+,3,3,6,0
2024-06-21,AB+,4,4,6,0
2024-06-22,AB+,3,5,6,1
2024-06-23,AB+,3,6,6,1
2024-06-24,AB+,5,0,6,0
2024-06-25,AB+,3,1,6,0
2024-06-26,AB+,4,2,6,0
2024-06-27,AB+,3,3,6,0
2024-06-28,AB+,4,4,6,0
2024-06-29,AB+,3,5,6,1
2024-06-30,AB+,3,6,6,1
2024-07-01,AB+,3,0,7,0
2024-07-02,AB+,3,1,7,0
2024-07-03,AB+,2,2,7,0
2024-07-04,AB+,3,3,7,0
2024-07-05,AB+,4,4,7,0
2024-07-06,AB+,3,5,7,1
2024-07-07,AB+,3,6,7,1
2024-07-08,AB+,5,0,7,0
2024-07-09,AB+,4,1,7,0
2024-07-10,AB+,3,2,7,0
2024-07-11,AB+,3,3,7,0
2024-07-12,AB+,3,4,7,0
2024-07-13,AB+,2,5,7,1
2024-07-14,AB+,3,6,7,1
2024-07-15,AB+,4,0,7,0
2024-07-16,AB+,3,1,7,0
2024-07-17,AB+,3,2,7,0
2024-07-18,AB+,4,3,7,0
2024-07-19,AB+,4,4,7,0
2024-07-20,AB+,1,5,7,1
2024-07-21,AB+,2,6,7,1
2024-07-22,AB+,4,0,7,0
2024-07-23,AB+,4,1,7,0
2024-07-24,AB+,4,2,7,0
2024-07-25,AB+,4,3,7,0
2024-07-26,AB+,3,4,7,0
2024-07-27,AB+,2,5,7,1
2024-07-28,AB+,3,6,7,1
2024-07-29,AB+,4,0,7,0
2024-07-30,AB+,4,1,7,0
2024-07-31,AB+,4,2,7,0
2024-08-01,AB+,3,3,8,0
2024-08-02,AB+,3,4,8,0
2024-08-03,AB+,3,5,8,1
2024-08-04,AB+,3,6,8,1
2024-08-05,AB+,4,0,8,0
2024-08-06,AB+,3,1,8,0
2024-08-07,AB+,4,2,8,0
2024-08-08,AB+,2,3,8,0
2024-08-09,AB+,4,4,8,0
2024-08-10,AB+,2,5,8,1
2024-08-11,AB+,2,6,8,1
2024-08-12,AB+,5,0,8,0
2024-08-13,AB+,2,1,8,0
2024-08-14,AB+,4,2,8,0
2024-08-15,AB+,4,3,8,0
2024-08-16,AB+,3,4,8,0
2024-08-17,AB+,3,5,8,1
2024-08-18,AB+,2,6,8,1
2024-08-19,AB+,4,0,8,0
2024-08-20,AB+,6,1,8,0
2024-08-21,AB+,4,2,8,0
2024-08-22,AB+,4,3,8,0
2024-08-23,AB+,3,4,8,0
2024-08-24,AB+,3,5,8,1
2024-08-25,AB+,2,6,8,1
2024-08-26,AB+,4,0,8,0
2024-08-27,AB+,2,1,8,0
2024-08-28,AB+,3,2,8,0
2024-08-29,AB+,4,3,8,0
2024-08-30,AB+,4,4,8,0
2024-08-31,AB+,3,5,8,1
2024-09-01,AB+,3,6,9,1
2024-09-02,AB+,4,0,9,0
2024-09-03,AB+,3,1,9,0
2024-09-04,AB+,3,2,9,0
2024-09-05,AB+,4,3,9,0
2024-09-06,AB+,3,4,9,0
2024-09-07,AB+,3,5,9,1
2024-09-08,AB+,2,6,9,1
2024-09-09,AB+,3,0,9,0
2024-09-10,AB+,3,1,9,0
2024-09-11,AB+,3,2,9,0
2024-09-12,AB+,4,3,9,0
2024-09-13,AB+,3,4,9,0
2024-09-14,AB+,3,5,9,1
2024-09-15,AB+,3,6,9,1
2024-09-16,AB+,4,0,9,0
2024-09-17,AB+,3,1,9,0
2024-09-18,AB+,4,2,9,0
2024-09-19,AB+,4,3,9,0
2024-09-20,AB+,3,4,9,0
2024-09-21,AB+,2,5,9,1
2024-09-22,AB+,1,6,9,1
2024-09-23,AB+,4,0,9,0
2024-09-24,AB+,3,1,9,0
2024-09-25,AB+,3,2,9,0
2024-09-26,AB+,3,3,9,0
2024-09-27,AB+,3,4,9,0
2024-09-28,AB+,4,5,9,1
2024-09-29,AB+,3,6,9,1
2024-09-30,AB+,3,0,9,0
2024-10-01,AB+,3,1,10,0
2024-10-02,AB+,2,2,10,0
2024-10-03,AB+,3,3,10,0
2024-10-04,AB+,3,4,10,0
2024-10-05,AB+,3,5,10,1
2024-10-06,AB+,3,6,10,1
2024-10-07,AB+,4,0,10,0
2024-10-08,AB+,4,1,10,0
2024-10-09,AB+,3,2,10,0
2024-10-10,AB+,3,3,10,0
2024-10-11,AB+,3,4,10,0
2024-10-12,AB+,2,5,10,1
2024-10-13,AB+,3,6,10,1
2024-10-14,AB+,5,0,10,0
2024-10-15,AB+,3,1,10,0
2024-10-16,AB+,3,2,10,0
2024-10-17,AB+,4,3,10,0
2024-10-18,AB+,3,4,10,0
2024-10-19,AB+,3,5,10,1
2024-10-20,AB+,2,6,10,1
2024-10-21,AB+,3,0,10,0
2024-10-22,AB+,3,1,10,0
2024-10-23,AB+,4,2,10,0
2024-10-24,AB+,4,3,10,0
2024-10-25,AB+,4,4,10,0
2024-10-26,AB+,2,5,10,1
2024-10-27,AB+,3,6,10,1
2024-10-28,AB+,4,0,10,0
2024-10-29,AB+,3,1,10,0
2024-10-30,AB+,3,2,10,0
2024-10-31,AB+,3,3,10,0
2024-11-01,AB+,4,4,11,0
2024-11-02,AB+,3,5,11,1
2024-11-03,AB+,1,6,11,1
2024-11-04,AB+,4,0,11,0
2024-11-05,AB+,5,1,11,0
2024-11-06,AB+,5,2,11,0
2024-11-07,AB+,3,3,11,0
2024-11-08,AB+,3,4,11,0
2024-11-09,AB+,4,5,11,1
2024-11-10,AB+,4,6,11,1
2024-11-11,AB+,4,0,11,0
2024-11-12,AB+,2,1,11,0
2024-11-13,AB+,3,2,11,0
2024-11-14,AB+,3,3,11,0
2024-11-15,AB+,5,4,11,0
2024-11-16,AB+,1,5,11,1
2024-11-17,AB+,4,6,11,1
2024-11-18,AB+,3,0,11,0
2024-11-19,AB+,3,1,11,0
2024-11-20,AB+,4,2,11,0
2024-11-21,AB+,4,3,11,0
2024-11-22,AB+,3,4,11,0
2024-11-23,AB+,2,5,11,1
2024-11-24,AB+,3,6,11,1
2024-11-25,AB+,3,0,11,0
2024-11-26,AB+,5,1,11,0
2024-11-27,AB+,3,2,11,0
2024-11-28,AB+,2,3,11,0
2024-11-29,AB+,4,4,11,0
2024-11-30,AB+,1,5,11,1
2024-12-01,AB+,3,6,12,1
2024-12-02,AB+,4,0,12,0
2024-12-03,AB+,3,1,12,0
2024-12-04,AB+,5,2,12,0
2024-12-05,AB+,4,3,12,0
2024-12-06,AB+,5,4,12,0
2024-12-07,AB+,3,5,12,1
2024-12-08,AB+,4,6,12,1
2024-12-09,AB+,3,0,12,0
2024-12-10,AB+,3,1,12,0
2024-12-11,AB+,5,2,12,0
2024-12-12,AB+,4,3,12,0
2024-12-13,AB+,4,4,12,0
2024-12-14,AB+,3,5,12,1
2024-12-15,AB+,3,6,12,1
2024-12-16,AB+,5,0,12,0
2024-12-17,AB+,3,1,12,0
2024-12-18,AB+,4,2,12,0
2024-12-19,AB+,5,3,12,0
2024-12-20,AB+,4,4,12,0
2024-12-21,AB+,3,5,12,1
2024-12-22,AB+,3,6,12,1
2024-12-23,AB+,5,0,12,0
2024-12-24,AB+,4,1,12,0
2024-12-25,AB+,5,2,12,0
2024-12-26,AB+,3,3,12,0
2024-12-27,AB+,5,4,12,0
2024-12-28,AB+,2,5,12,1
2024-12-29,AB+,3,6,12,1
2024-12-30,AB+,5,0,12,0
2024-12-31,AB+,3,1,12,0
2025-01-01,AB+,5,2,1,0
2025-01-02,AB+,5,3,1,0
2025-01-03,AB+,4,4,1,0
2025-01-04,AB+,2,5,1,1
2025-01-05,AB+,3,6,1,1
2025-01-06,AB+,4,0,1,0
2025-01-07,AB+,3,1,1,0
2025-01-08,AB+,5,2,1,0
2025-01-09,AB+,4,3,1,0
2025-01-10,AB+,4,4,1,0
2025-01-11,AB+,3,5,1,1
2025-01-12,AB+,3,6,1,1
2025-01-13,AB+,4,0,1,0
2025-01-14,AB+,3,1,1,0
2025-01-15,AB+,5,2,1,0
2025-01-16,AB+,3,3,1,0
2025-01-17,AB+,4,4,1,0
2025-01-18,AB+,2,5,1,1
2025-01-19,AB+,4,6,1,1
2025-01-20,AB+,5,0,1,0
2025-01-21,AB+,4,1,1,0
2025-01-22,AB+,4,2,1,0
2025-01-23,AB+,4,3,1,0
2025-01-24,AB+,3,4,1,0
2025-01-25,AB+,2,5,1,1
2025-01-26,AB+,3,6,1,1
2025-01-27,AB+,4,0,1,0
2025-01-28,AB+,3,1,1,0
2025-01-29,AB+,3,2,1,0
2025-01-30,AB+,4,3,1,0
2025-01-31,AB+,5,4,1,0
2025-02-01,AB+,1,5,2,1
2025-02-02,AB+,3,6,2,1
2025-02-03,AB+,4,0,2,0
2025-02-04,AB+,3,1,2,0
2025-02-05,AB+,4,2,2,0
2025-02-06,AB+,3,3,2,0
2025-02-07,AB+,2,4,2,0
2025-02-08,AB+,2,5,2,1
2025-02-09,AB+,3,6,2,1
2025-02-10,AB+,3,0,2,0
2025-02-11,AB+,3,1,2,0
2025-02-12,AB+,4,2,2,0
2025-02-13,AB+,4,3,2,0
2025-02-14,AB+,3,4,2,0
2025-02-15,AB+,3,5,2,1
2025-02-16,AB+,2,6,2,1
2025-02-17,AB+,3,0,2,0
2025-02-18,AB+,4,1,2,0
2025-02-19,AB+,3,2,2,0
2025-02-20,AB+,5,3,2,0
2025-02-21,AB+,4,4,2,0
2025-02-22,AB+,2,5,2,1
2025-02-23,AB+,4,6,2,1
2025-02-24,AB+,4,0,2,0
2025-02-25,AB+,4,1,2,0
2025-02-26,AB+,4,2,2,0
2025-02-27,AB+,3,3,2,0
2025-02-28,AB+,3,4,2,0
2025-03-01,AB+,1,5,3,1
2025-03-02,AB+,4,6,3,1
2025-03-03,AB+,4,0,3,0
2025-03-04,AB+,5,1,3,0
2025-03-05,AB+,6,2,3,0
2025-03-06,AB+,4,3,3,0
2025-03-07,AB+,4,4,3,0
2025-03-08,AB+,4,5,3,1
2025-03-09,AB+,3,6,3,1
2025-03-10,AB+,5,0,3,0
2025-03-11,AB+,4,1,3,0
2025-03-12,AB+,5,2,3,0
2025-03-13,AB+,4,3,3,0
2025-03-14,AB+,5,4,3,0
2025-03-15,AB+,4,5,3,1
2025-03-16,AB+,3,6,3,1
2025-03-17,AB+,5,0,3,0
2025-03-18,AB+,3,1,3,0
2025-03-19,AB+,4,2,3,0
2025-03-20,AB+,4,3,3,0
2025-03-21,AB+,4,4,3,0
2025-03-22,AB+,4,5,3,1
2025-03-23,AB+,3,6,3,1
2025-03-24,AB+,4,0,3,0
2025-03-25,AB+,5,1,3,0
2025-03-26,AB+,4,2,3,0
2025-03-27,AB+,4,3,3,0
2025-03-28,AB+,5,4,3,0
2025-03-29,AB+,4,5,3,1
2025-03-30,AB+,3,6,3,1
2025-03-31,AB+,3,0,3,0
2025-04-01,AB+,5,1,4,0
2025-04-02,AB+,4,2,4,0
2025-04-03,AB+,5,3,4,0
2025-04-04,AB+,4,4,4,0
2025-04-05,AB+,4,5,4,1
2025-04-06,AB+,3,6,4,1
2025-04-07,AB+,4,0,4,0
2025-04-08,AB+,3,1,4,0
2025-04-09,AB+,4,2,4,0
2025-04-10,AB+,4,3,4,0
2025-04-11,AB+,4,4,4,0
2025-04-12,AB+,4,5,4,1
2025-04-13,AB+,4,6,4,1
2025-04-14,AB+,4,0,4,0
2025-04-15,AB+,4,1,4,0
2025-04-16,AB+,5,2,4,0
2025-04-17,AB+,4,3,4,0
2025-04-18,AB+,4,4,4,0
2025-04-19,AB+,3,5,4,1
2025-04-20,AB+,2,6,4,1
2025-04-21,AB+,4,0,4,0
2025-04-22,AB+,3,1,4,0
2025-04-23,AB+,5,2,4,0
2025-04-24,AB+,5,3,4,0
2025-04-25,AB+,4,4,4,0
2025-04-26,AB+,2,5,4,1
2025-04-27,AB+,4,6,4,1
2025-04-28,AB+,4,0,4,0
2025-04-29,AB+,4,1,4,0
2025-04-30,AB+,5,2,4,0
2025-05-01,AB+,3,3,5,0
2025-05-02,AB+,3,4,5,0
2025-05-03,AB+,2,5,5,1
2025-05-04,AB+,1,6,5,1
2025-05-05,AB+,4,0,5,0
2025-05-06,AB+,4,1,5,0
2025-05-07,AB+,4,2,5,0
2025-05-08,AB+,4,3,5,0
2025-05-09,AB+,3,4,5,0
2025-05-10,AB+,3,5,5,1
2025-05-11,AB+,3,6,5,1
2025-05-12,AB+,3,0,5,0
2025-05-13,AB+,4,1,5,0
2025-05-14,AB+,4,2,5,0
2025-05-15,AB+,4,3,5,0
2025-05-16,AB+,3,4,5,0
2025-05-17,AB+,3,5,5,1
2025-05-18,AB+,2,6,5,1
2025-05-19,AB+,3,0,5,0
2025-05-20,AB+,5,1,5,0
2025-05-21,AB+,4,2,5,0
2025-05-22,AB+,2,3,5,0
2025-05-23,AB+,3,4,5,0
2025-05-24,AB+,3,5,5,1
2025-05-25,AB+,2,6,5,1
2025-05-26,AB+,3,0,5,0
2025-05-27,AB+,3,1,5,0
2025-05-28,AB+,4,2,5,0
2025-05-29,AB+,3,3,5,0
2025-05-30,AB+,4,4,5,0
2025-05-31,AB+,3,5,5,1
2025-06-01,AB+,3,6,6,1
2025-06-02,AB+,2,0,6,0
2025-06-03,AB+,4,1,6,0
2025-06-04,AB+,3,2,6,0
2025-06-05,AB+,4,3,6,0
2025-06-06,AB+,3,4,6,0
2025-06-07,AB+,2,5,6,1
2025-06-08,AB+,3,6,6,1
2025-06-09,AB+,5,0,6,0
2025-06-10,AB+,3,1,6,0
2025-06-11,AB+,4,2,6,0
2025-06-12,AB+,4,3,6,0
2025-06-13,AB+,4,4,6,0
2025-06-14,AB+,3,5,6,1
2025-06-15,AB+,2,6,6,1
2025-06-16,AB+,4,0,6,0
2025-06-17,AB+,3,1,6,0
2025-06-18,AB+,4,2,6,0
2025-06-19,AB+,3,3,6,0
2025-06-20,AB+,3,4,6,0
2025-06-21,AB+,1,5,6,1
2025-06-22,AB+,1,6,6,1
2025-06-23,AB+,4,0,6,0
2024-01-01,AB-,1,0,1,0
2024-01-02,AB-,2,1,1,0
2024-01-03,AB-,1,2,1,0
2024-01-04,AB-,1,3,1,0
2024-01-05,AB-,2,4,1,0
2024-01-06,AB-,1,5,1,1
2024-01-07,AB-,1,6,1,1
2024-01-08,AB-,2,0,1,0
2024-01-09,AB-,2,1,1,0
2024-01-10,AB-,2,2,1,0
2024-01-11,AB-,1,3,1,0
2024-01-12,AB-,1,4,1,0
2024-01-13,AB-,1,5,1,1
2024-01-14,AB-,1,6,1,1
2024-01-15,AB-,1,0,1,0
2024-01-16,AB-,2,1,1,0
2024-01-17,AB-,2,2,1,0
2024-01-18,AB-,2,3,1,0
2024-01-19,AB-,1,4,1,0
2024-01-20,AB-,1,5,1,1
2024-01-21,AB-,2,6,1,1
2024-01-22,AB-,2,0,1,0
2024-01-23,AB-,2,1,1,0
2024-01-24,AB-,2,2,1,0
2024-01-25,AB-,2,3,1,0
2024-01-26,AB-,2,4,1,0
2024-01-27,AB-,1,5,1,1
2024-01-28,AB-,1,6,1,1
2024-01-29,AB-,2,0,1,0
2024-01-30,AB-,1,1,1,0
2024-01-31,AB-,2,2,1,0
2024-02-01,AB-,1,3,2,0
2024-02-02,AB-,2,4,2,0
2024-02-03,AB-,1,5,2,1
2024-02-04,AB-,1,6,2,1
2024-02-05,AB-,1,0,2,0
2024-02-06,AB-,1,1,2,0
2024-02-07,AB-,1,2,2,0
2024-02-08,AB-,2,3,2,0
2024-02-09,AB-,1,4,2,0
2024-02-10,AB-,2,5,2,1
2024-02-11,AB-,1,6,2,1
2024-02-12,AB-,2,0,2,0
2024-02-13,AB-,1,1,2,0
2024-02-14,AB-,1,2,2,0
2024-02-15,AB-,2,3,2,0
2024-02-16,AB-,2,4,2,0
2024-02-17,AB-,1,5,2,1
2024-02-18,AB-,2,6,2,1
2024-02-19,AB-,2,0,2,0
2024-02-20,AB-,1,1,2,0
2024-02-21,AB-,1,2,2,0
2024-02-22,AB-,2,3,2,0
2024-02-23,AB-,2,4,2,0
2024-02-24,AB-,2,5,2,1
2024-02-25,AB-,1,6,2,1
2024-02-26,AB-,2,0,2,0
2024-02-27,AB-,1,1,2,0
2024-02-28,AB-,1,2,2,0
2024-02-29,AB-,1,3,2,0
2024-03-01,AB-,2,4,3,0
2024-03-02,AB-,2,5,3,1
2024-03-03,AB-,2,6,3,1
2024-03-04,AB-,2,0,3,0
2024-03-05,AB-,2,1,3,0
2024-03-06,AB-,3,2,3,0
2024-03-07,AB-,2,3,3,0
2024-03-08,AB-,1,4,3,0
2024-03-09,AB-,1,5,3,1
2024-03-10,AB-,2,6,3,1
2024-03-11,AB-,1,0,3,0
2024-03-12,AB-,2,1,3,0
2024-03-13,AB-,2,2,3,0
2024-03-14,AB-,2,3,3,0
2024-03-15,AB-,2,4,3,0
2024-03-16,AB-,1,5,3,1
2024-03-17,AB-,1,6,3,1
2024-03-18,AB-,2,0,3,0
2024-03-19,AB-,2,1,3,0
2024-03-20,AB-,2,2,3,0
2024-03-21,AB-,2,3,3,0
2024-03-22,AB-,1,4,3,0
2024-03-23,AB-,1,5,3,1
2024-03-24,AB-,1,6,3,1
2024-03-25,AB-,2,0,3,0
2024-03-26,AB-,2,1,3,0
2024-03-27,AB-,2,2,3,0
2024-03-28,AB-,2,3,3,0
2024-03-29,AB-,1,4,3,0
2024-03-30,AB-,2,5,3,1
2024-03-31,AB-,2,6,3,1
2024-04-01,AB-,1,0,4,0
2024-04-02,AB-,2,1,4,0
2024-04-03,AB-,2,2,4,0
2024-04-04,AB-,2,3,4,0
2024-04-05,AB-,2,4,4,0
2024-04-06,AB-,1,5,4,1
2024-04-07,AB-,2,6,4,1
2024-04-08,AB-,2,0,4,0
2024-04-09,AB-,2,1,4,0
2024-04-10,AB-,2,2,4,0
2024-04-11,AB-,2,3,4,0
2024-04-12,AB-,2,4,4,0
2024-04-13,AB-,1,5,4,1
2024-04-14,AB-,1,6,4,1
2024-04-15,AB-,2,0,4,0
2024-04-16,AB-,1,1,4,0
2024-04-17,AB-,2,2,4,0
2024-04-18,AB-,2,3,4,0
2024-04-19,AB-,2,4,4,0
2024-04-20,AB-,2,5,4,1
2024-04-21,AB-,1,6,4,1
2024-04-22,AB-,1,0,4,0
2024-04-23,AB-,1,1,4,0
2024-04-24,AB-,2,2,4,0
2024-04-25,AB-,2,3,4,0
2024-04-26,AB-,2,4,4,0
2024-04-27,AB-,2,5,4,1
2024-04-28,AB-,1,6,4,1
2024-04-29,AB-,2,0,4,0
2024-04-30,AB-,2,1,4,0
2024-05-01,AB-,1,2,5,0
2024-05-02,AB-,1,3,5,0
2024-05-03,AB-,1,4,5,0
2024-05-04,AB-,1,5,5,1
2024-05-05,AB-,1,6,5,1
2024-05-06,AB-,1,0,5,0
2024-05-07,AB-,1,1,5,0
2024-05-08,AB-,2,2,5,0
2024-05-09,AB-,2,3,5,0
2024-05-10,AB-,1,4,5,0
2024-05-11,AB-,1,5,5,1
2024-05-12,AB-,1,6,5,1
2024-05-13,AB-,1,0,5,0
2024-05-14,AB-,2,1,5,0
2024-05-15,AB-,2,2,5,0
2024-05-16,AB-,1,3,5,0
2024-05-17,AB-,1,4,5,0
2024-05-18,AB-,0,5,5,1
2024-05-19,AB-,1,6,5,1
2024-05-20,AB-,1,0,5,0
2024-05-21,AB-,2,1,5,0
2024-05-22,AB-,2,2,5,0
2024-05-23,AB-,2,3,5,0
2024-05-24,AB-,1,4,5,0
2024-05-25,AB-,1,5,5,1
2024-05-26,AB-,0,6,5,1
2024-05-27,AB-,2,0,5,0
2024-05-28,AB-,1,1,5,0
2024-05-29,AB-,1,2,5,0
2024-05-30,AB-,1,3,5,0
2024-05-31,AB-,2,4,5,0
2024-06-01,AB-,1,5,6,1
2024-06-02,AB-,1,6,6,1
2024-06-03,AB-,2,0,6,0
2024-06-04,AB-,1,1,6,0
2024-06-05,AB-,2,2,6,0
2024-06-06,AB-,2,3,6,0
2024-06-07,AB-,2,4,6,0
2024-06-08,AB-,1,5,6,1
2024-06-09,AB-,1,6,6,1
2024-06-10,AB-,1,0,6,0
2024-06-11,AB-,1,1,6,0
2024-06-12,AB-,2,2,6,0
2024-06-13,AB-,1,3,6,0
2024-06-14,AB-,2,4,6,0
2024-06-15,AB-,1,5,6,1
2024-06-16,AB-,1,6,6,1
2024-06-17,AB-,2,0,6,0
2024-06-18,AB-,1,1,6,0
2024-06-19,AB-,2,2,6,0
2024-06-20,AB-,2,3,6,0
2024-06-21,AB-,2,4,6,0
2024-06-22,AB-,1,5,6,1
2024-06-23,AB-,1,6,6,1
2024-06-24,AB-,1,0,6,0
2024-06-25,AB-,2,1,6,0
2024-06-26,AB-,1,2,6,0
2024-06-27,AB-,2,3,6,0
2024-06-28,AB-,2,4,6,0
2024-06-29,AB-,1,5,6,1
2024-06-30,AB-,1,6,6,1
2024-07-01,AB-,1,0,7,0
2024-07-02,AB-,2,1,7,0
2024-07-03,AB-,2,2,7,0
2024-07-04,AB-,2,3,7,0
2024-07-05,AB-,1,4,7,0
2024-07-06,AB-,1,5,7,1
2024-07-07,AB-,1,6,7,1
2024-07-08,AB-,1,0,7,0
2024-07-09,AB-,1,1,7,0
2024-07-10,AB-,2,2,7,0
2024-07-11,AB-,2,3,7,0
2024-07-12,AB-,1,4,7,0
2024-07-13,AB-,2,5,7,1
2024-07-14,AB-,1,6,7,1
2024-07-15,AB-,1,0,7,0
2024-07-16,AB-,2,1,7,0
2024-07-17,AB-,1,2,7,0
2024-07-18,AB-,2,3,7,0
2024-07-19,AB-,1,4,7,0
2024-07-20,AB-,1,5,7,1
2024-07-21,AB-,1,6,7,1
2024-07-22,AB-,1,0,7,0
2024-07-23,AB-,2,1,7,0
2024-07-24,AB-,1,2,7,0
2024-07-25,AB-,1,3,7,0
2024-07-26,AB-,2,4,7,0
2024-07-27,AB-,1,5,7,1
2024-07-28,AB-,1,6,7,1
2024-07-29,AB-,1,0,7,0
2024-07-30,AB-,2,1,7,0
2024-07-31,AB-,2,2,7,0
2024-08-01,AB-,2,3,8,0
2024-08-02,AB-,1,4,8,0
2024-08-03,AB-,2,5,8,1
2024-08-04,AB-,1,6,8,1
2024-08-05,AB-,1,0,8,0
2024-08-06,AB-,1,1,8,0
2024-08-07,AB-,2,2,8,0
2024-08-08,AB-,1,3,8,0
2024-08-09,AB-,0,4,8,0
2024-08-10,AB-,1,5,8,1
2024-08-11,AB-,1,6,8,1
2024-08-12,AB-,1,0,8,0
2024-08-13,AB-,2,1,8,0
2024-08-14,AB-,2,2,8,0
2024-08-15,AB-,2,3,8,0
2024-08-16,AB-,1,4,8,0
2024-08-17,AB-,1,5,8,1
2024-08-18,AB-,1,6,8,1
2024-08-19,AB-,1,0,8,0
2024-08-20,AB-,2,1,8,0
2024-08-21,AB-,1,2,8,0
2024-08-22,AB-,1,3,8,0
2024-08-23,AB-,1,4,8,0
2024-08-24,AB-,1,5,8,1
2024-08-25,AB-,1,6,8,1
2024-08-26,AB-,1,0,8,0
2024-08-27,AB-,1,1,8,0
2024-08-28,AB-,2,2,8,0
2024-08-29,AB-,2,3,8,0
2024-08-30,AB-,1,4,8,0
2024-08-31,AB-,2,5,8,1
2024-09-01,AB-,1,6,9,1
2024-09-02,AB-,1,0,9,0
2024-09-03,AB-,1,1,9,0
2024-09-04,AB-,2,2,9,0
2024-09-05,AB-,1,3,9,0
2024-09-06,AB-,1,4,9,0
2024-09-07,AB-,1,5,9,1
2024-09-08,AB-,1,6,9,1
2024-09-09,AB-,1,0,9,0
2024-09-10,AB-,2,1,9,0
2024-09-11,AB-,2,2,9,0
2024-09-12,AB-,1,3,9,0
2024-09-13,AB-,1,4,9,0
2024-09-14,AB-,1,5,9,1
2024-09-15,AB-,2,6,9,1
2024-09-16,AB-,1,0,9,0
2024-09-17,AB-,2,1,9,0
2024-09-18,AB-,1,2,9,0
2024-09-19,AB-,1,3,9,0
2024-09-20,AB-,1,4,9,0
2024-09-21,AB-,1,5,9,1
2024-09-22,AB-,1,6,9,1
2024-09-23,AB-,1,0,9,0
2024-09-24,AB-,1,1,9,0
2024-09-25,AB-,1,2,9,0
2024-09-26,AB-,2,3,9,0
2024-09-27,AB-,2,4,9,0
2024-09-28,AB-,2,5,9,1
2024-09-29,AB-,1,6,9,1
2024-09-30,AB-,1,0,9,0
2024-10-01,AB-,1,1,10,0
2024-10-02,AB-,2,2,10,0
2024-10-03,AB-,1,3,10,0
2024-10-04,AB-,1,4,10,0
2024-10-05,AB-,1,5,10,1
2024-10-06,AB-,1,6,10,1
2024-10-07,AB-,1,0,10,0
2024-10-08,AB-,1,1,10,0
2024-10-09,AB-,2,2,10,0
2024-10-10,AB-,2,3,10,0
2024-10-11,AB-,2,4,10,0
2024-10-12,AB-,0,5,10,1
2024-10-13,AB-,1,6,10,1
2024-10-14,AB-,2,0,10,0
2024-10-15,AB-,1,1,10,0
2024-10-16,AB-,1,2,10,0
2024-10-17,AB-,1,3,10,0
2024-10-18,AB-,2,4,10,0
2024-10-19,AB-,1,5,10,1
2024-10-20,AB-,1,6,10,1
2024-10-21,AB-,2,0,10,0
2024-10-22,AB-,1,1,10,0
2024-10-23,AB-,2,2,10,0
2024-10-24,AB-,1,3,10,0
2024-10-25,AB-,2,4,10,0
2024-10-26,AB-,1,5,10,1
2024-10-27,AB-,1,6,10,1
2024-10-28,AB-,2,0,10,0
2024-10-29,AB-,2,1,10,0
2024-10-30,AB-,2,2,10,0
2024-10-31,AB-,0,3,10,0
2024-11-01,AB-,2,4,11,0
2024-11-02,AB-,0,5,11,1
2024-11-03,AB-,1,6,11,1
2024-11-04,AB-,1,0,11,0
2024-11-05,AB-,2,1,11,0
2024-11-06,AB-,2,2,11,0
2024-11-07,AB-,1,3,11,0
2024-11-08,AB-,2,4,11,0
2024-11-09,AB-,1,5,11,1
2024-11-10,AB-,1,6,11,1
2024-11-11,AB-,2,0,11,0
2024-11-12,AB-,1,1,11,0
2024-11-13,AB-,1,2,11,0
2024-11-14,AB-,2,3,11,0
2024-11-15,AB-,1,4,11,0
2024-11-16,AB-,0,5,11,1
2024-11-17,AB-,1,6,11,1
2024-11-18,AB-,2,0,11,0
2024-11-19,AB-,2,1,11,0
2024-11-20,AB-,2,2,11,0
2024-11-21,AB-,1,3,11,0
2024-11-22,AB-,1,4,11,0
2024-11-23,AB-,1,5,11,1
2024-11-24,AB-,1,6,11,1
2024-11-25,AB-,1,0,11,0
2024-11-26,AB-,1,1,11,0
2024-11-27,AB-,2,2,11,0
2024-11-28,AB-,2,3,11,0
2024-11-29,AB-,2,4,11,0
2024-11-30,AB-,1,5,11,1
2024-12-01,AB-,1,6,12,1
2024-12-02,AB-,2,0,12,0
2024-12-03,AB-,2,1,12,0
2024-12-04,AB-,2,2,12,0
2024-12-05,AB-,2,3,12,0
2024-12-06,AB-,2,4,12,0
2024-12-07,AB-,1,5,12,1
2024-12-08,AB-,1,6,12,1
2024-12-09,AB-,2,0,12,0
2024-12-10,AB-,2,1,12,0
2024-12-11,AB-,2,2,12,0
2024-12-12,AB-,2,3,12,0
2024-12-13,AB-,1,4,12,0
2024-12-14,AB-,2,5,12,1
2024-12-15,AB-,1,6,12,1
2024-12-16,AB-,2,0,12,0
2024-12-17,AB-,3,1,12,0
2024-12-18,AB-,2,2,12,0
2024-12-19,AB-,1,3,12,0
2024-12-20,AB-,2,4,12,0
2024-12-21,AB-,2,5,12,1
2024-12-22,AB-,1,6,12,1
2024-12-23,AB-,2,0,12,0
2024-12-24,AB-,1,1,12,0
2024-12-25,AB-,2,2,12,0
2024-12-26,AB-,2,3,12,0
2024-12-27,AB-,2,4,12,0
2024-12-28,AB-,1,5,12,1
2024-12-29,AB-,0,6,12,1
2024-12-30,AB-,3,0,12,0
2024-12-31,AB-,2,1,12,0
2025-01-01,AB-,2,2,1,0
2025-01-02,AB-,1,3,1,0
2025-01-03,AB-,2,4,1,0
2025-01-04,AB-,1,5,1,1
2025-01-05,AB-,1,6,1,1
2025-01-06,AB-,2,0,1,0
2025-01-07,AB-,1,1,1,0
2025-01-08,AB-,1,2,1,0
2025-01-09,AB-,2,3,1,0
2025-01-10,AB-,1,4,1,0
2025-01-11,AB-,1,5,1,1
2025-01-12,AB-,1,6,1,1
2025-01-13,AB-,2,0,1,0
2025-01-14,AB-,2,1,1,0
2025-01-15,AB-,2,2,1,0
2025-01-16,AB-,1,3,1,0
2025-01-17,AB-,1,4,1,0
2025-01-18,AB-,1,5,1,1
2025-01-19,AB-,1,6,1,1
2025-01-20,AB-,2,0,1,0
2025-01-21,AB-,2,1,1,0
2025-01-22,AB-,1,2,1,0
2025-01-23,AB-,2,3,1,0
2025-01-24,AB-,2,4,1,0
2025-01-25,AB-,1,5,1,1
2025-01-26,AB-,1,6,1,1
2025-01-27,AB-,1,0,1,0
2025-01-28,AB-,1,1,1,0
2025-01-29,AB-,2,2,1,0
2025-01-30,AB-,2,3,1,0
2025-01-31,AB-,1,4,1,0
2025-02-01,AB-,1,5,2,1
2025-02-02,AB-,1,6,2,1
2025-02-03,AB-,2,0,2,0
2025-02-04,AB-,2,1,2,0
2025-02-05,AB-,1,2,2,0
2025-02-06,AB-,2,3,2,0
2025-02-07,AB-,1,4,2,0
2025-02-08,AB-,1,5,2,1
2025-02-09,AB-,1,6,2,1
2025-02-10,AB-,2,0,2,0
2025-02-11,AB-,2,1,2,0
2025-02-12,AB-,2,2,2,0
2025-02-13,AB-,2,3,2,0
2025-02-14,AB-,2,4,2,0
2025-02-15,AB-,1,5,2,1
2025-02-16,AB-,1,6,2,1
2025-02-17,AB-,1,0,2,0
2025-02-18,AB-,1,1,2,0
2025-02-19,AB-,2,2,2,0
2025-02-20,AB-,1,3,2,0
2025-02-21,AB-,2,4,2,0
2025-02-22,AB-,1,5,2,1
2025-02-23,AB-,1,6,2,1
2025-02-24,AB-,1,0,2,0
2025-02-25,AB-,1,1,2,0
2025-02-26,AB-,2,2,2,0
2025-02-27,AB-,2,3,2,0
2025-02-28,AB-,2,4,2,0
2025-03-01,AB-,1,5,3,1
2025-03-02,AB-,2,6,3,1
2025-03-03,AB-,2,0,3,0
2025-03-04,AB-,2,1,3,0
2025-03-05,AB-,3,2,3,0
2025-03-06,AB-,2,3,3,0
2025-03-07,AB-,2,4,3,0
2025-03-08,AB-,1,5,3,1
2025-03-09,AB-,1,6,3,1
2025-03-10,AB-,2,0,3,0
2025-03-11,AB-,2,1,3,0
2025-03-12,AB-,2,2,3,0
2025-03-13,AB-,3,3,3,0
2025-03-14,AB-,2,4,3,0
2025-03-15,AB-,2,5,3,1
2025-03-16,AB-,1,6,3,1
2025-03-17,AB-,2,0,3,0
2025-03-18,AB-,2,1,3,0
2025-03-19,AB-,2,2,3,0
2025-03-20,AB-,2,3,3,0
2025-03-21,AB-,1,4,3,0
2025-03-22,AB-,2,5,3,1
2025-03-23,AB-,2,6,3,1
2025-03-24,AB-,2,0,3,0
2025-03-25,AB-,2,1,3,0
2025-03-26,AB-,2,2,3,0
2025-03-27,AB-,2,3,3,0
2025-03-28,AB-,2,4,3,0
2025-03-29,AB-,2,5,3,1
2025-03-30,AB-,2,6,3,1
2025-03-31,AB-,2,0,3,0
2025-04-01,AB-,2,1,4,0
2025-04-02,AB-,2,2,4,0
2025-04-03,AB-,2,3,4,0
2025-04-04,AB-,3,4,4,0
2025-04-05,AB-,1,5,4,1
2025-04-06,AB-,1,6,4,1
2025-04-07,AB-,2,0,4,0
2025-04-08,AB-,2,1,4,0
2025-04-09,AB-,2,2,4,0
2025-04-10,AB-,2,3,4,0
2025-04-11,AB-,2,4,4,0
2025-04-12,AB-,1,5,4,1
2025-04-13,AB-,2,6,4,1
2025-04-14,AB-,2,0,4,0
2025-04-15,AB-,2,1,4,0
2025-04-16,AB-,2,2,4,0
2025-04-17,AB-,2,3,4,0
2025-04-18,AB-,2,4,4,0
2025-04-19,AB-,1,5,4,1
2025-04-20,AB-,1,6,4,1
2025-04-21,AB-,2,0,4,0
2025-04-22,AB-,2,1,4,0
2025-04-23,AB-,2,2,4,0
2025-04-24,AB-,2,3,4,0
2025-04-25,AB-,2,4,4,0
2025-04-26,AB-,1,5,4,1
2025-04-27,AB-,1,6,4,1
2025-04-28,AB-,2,0,4,0
2025-04-29,AB-,2,1,4,0
2025-04-30,AB-,2,2,4,0
2025-05-01,AB-,2,3,5,0
2025-05-02,AB-,2,4,5,0
2025-05-03,AB-,2,5,5,1
2025-05-04,AB-,1,6,5,1
2025-05-05,AB-,1,0,5,0
2025-05-06,AB-,1,1,5,0
2025-05-07,AB-,2,2,5,0
2025-05-08,AB-,1,3,5,0
2025-05-09,AB-,1,4,5,0
2025-05-10,AB-,0,5,5,1
2025-05-11,AB-,2,6,5,1
2025-05-12,AB-,1,0,5,0
2025-05-13,AB-,2,1,5,0
2025-05-14,AB-,1,2,5,0
2025-05-15,AB-,2,3,5,0
2025-05-16,AB-,2,4,5,0
2025-05-17,AB-,1,5,5,1
2025-05-18,AB-,1,6,5,1
2025-05-19,AB-,2,0,5,0
2025-05-20,AB-,1,1,5,0
2025-05-21,AB-,2,2,5,0
2025-05-22,AB-,1,3,5,0
2025-05-23,AB-,1,4,5,0
2025-05-24,AB-,1,5,5,1
2025-05-25,AB-,1,6,5,1
2025-05-26,AB-,2,0,5,0
2025-05-27,AB-,2,1,5,0
2025-05-28,AB-,2,2,5,0
2025-05-29,AB-,2,3,5,0
2025-05-30,AB-,1,4,5,0
2025-05-31,AB-,1,5,5,1
2025-06-01,AB-,1,6,6,1
2025-06-02,AB-,1,0,6,0
2025-06-03,AB-,2,1,6,0
2025-06-04,AB-,1,2,6,0
2025-06-05,AB-,2,3,6,0
2025-06-06,AB-,1,4,6,0
2025-06-07,AB-,1,5,6,1
2025-06-08,AB-,1,6,6,1
2025-06-09,AB-,1,0,6,0
2025-06-10,AB-,2,1,6,0
2025-06-11,AB-,1,2,6,0
2025-06-12,AB-,2,3,6,0
2025-06-13,AB-,1,4,6,0
2025-06-14,AB-,1,5,6,1
2025-06-15,AB-,1,6,6,1
2025-06-16,AB-,1,0,6,0
2025-06-17,AB-,2,1,6,0
2025-06-18,AB-,2,2,6,0
2025-06-19,AB-,1,3,6,0
2025-06-20,AB-,2,4,6,0
2025-06-21,AB-,0,5,6,1
2025-06-22,AB-,2,6,6,1
2025-06-23,AB-,1,0,6,0
